[{"pk": 1, "model": "cms.placeholder", "fields": {"slot": "base_content", "default_width": null}}, {"pk": 2, "model": "cms.placeholder", "fields": {"slot": "base_content", "default_width": null}}, {"pk": 3, "model": "cms.placeholder", "fields": {"slot": "base_content", "default_width": null}}, {"pk": 4, "model": "cms.placeholder", "fields": {"slot": "base_content", "default_width": null}}, {"pk": 5, "model": "cms.placeholder", "fields": {"slot": "goal_1", "default_width": null}}, {"pk": 6, "model": "cms.placeholder", "fields": {"slot": "about_festival", "default_width": null}}, {"pk": 7, "model": "cms.placeholder", "fields": {"slot": "goal_2", "default_width": null}}, {"pk": 8, "model": "cms.placeholder", "fields": {"slot": "goal_3", "default_width": null}}, {"pk": 9, "model": "cms.placeholder", "fields": {"slot": "goal_4", "default_width": null}}, {"pk": 10, "model": "cms.placeholder", "fields": {"slot": "goal_1", "default_width": null}}, {"pk": 11, "model": "cms.placeholder", "fields": {"slot": "goal_2", "default_width": null}}, {"pk": 12, "model": "cms.placeholder", "fields": {"slot": "goal_3", "default_width": null}}, {"pk": 13, "model": "cms.placeholder", "fields": {"slot": "goal_4", "default_width": null}}, {"pk": 14, "model": "cms.placeholder", "fields": {"slot": "about_festival", "default_width": null}}, {"pk": 15, "model": "cms.placeholder", "fields": {"slot": "mission_1", "default_width": null}}, {"pk": 16, "model": "cms.placeholder", "fields": {"slot": "mission_2", "default_width": null}}, {"pk": 17, "model": "cms.placeholder", "fields": {"slot": "mission_3", "default_width": null}}, {"pk": 18, "model": "cms.placeholder", "fields": {"slot": "mission_1", "default_width": null}}, {"pk": 19, "model": "cms.placeholder", "fields": {"slot": "mission_2", "default_width": null}}, {"pk": 20, "model": "cms.placeholder", "fields": {"slot": "mission_3", "default_width": null}}, {"pk": 21, "model": "cms.placeholder", "fields": {"slot": "news", "default_width": null}}, {"pk": 22, "model": "cms.placeholder", "fields": {"slot": "news", "default_width": null}}, {"pk": 23, "model": "cms.placeholder", "fields": {"slot": "base_content", "default_width": null}}, {"pk": 24, "model": "cms.placeholder", "fields": {"slot": "base_content", "default_width": null}}, {"pk": 25, "model": "cms.placeholder", "fields": {"slot": "base_content", "default_width": null}}, {"pk": 26, "model": "cms.placeholder", "fields": {"slot": "base_content", "default_width": null}}, {"pk": 27, "model": "cms.placeholder", "fields": {"slot": "goal_1", "default_width": null}}, {"pk": 28, "model": "cms.placeholder", "fields": {"slot": "goal_2", "default_width": null}}, {"pk": 29, "model": "cms.placeholder", "fields": {"slot": "goal_3", "default_width": null}}, {"pk": 30, "model": "cms.placeholder", "fields": {"slot": "goal_4", "default_width": null}}, {"pk": 31, "model": "cms.placeholder", "fields": {"slot": "about_festival", "default_width": null}}, {"pk": 32, "model": "cms.placeholder", "fields": {"slot": "mission_1", "default_width": null}}, {"pk": 33, "model": "cms.placeholder", "fields": {"slot": "mission_2", "default_width": null}}, {"pk": 34, "model": "cms.placeholder", "fields": {"slot": "mission_3", "default_width": null}}, {"pk": 35, "model": "cms.placeholder", "fields": {"slot": "goal_1", "default_width": null}}, {"pk": 36, "model": "cms.placeholder", "fields": {"slot": "goal_2", "default_width": null}}, {"pk": 37, "model": "cms.placeholder", "fields": {"slot": "goal_3", "default_width": null}}, {"pk": 38, "model": "cms.placeholder", "fields": {"slot": "goal_4", "default_width": null}}, {"pk": 39, "model": "cms.placeholder", "fields": {"slot": "about_festival", "default_width": null}}, {"pk": 40, "model": "cms.placeholder", "fields": {"slot": "mission_1", "default_width": null}}, {"pk": 41, "model": "cms.placeholder", "fields": {"slot": "mission_2", "default_width": null}}, {"pk": 42, "model": "cms.placeholder", "fields": {"slot": "mission_3", "default_width": null}}, {"pk": 43, "model": "cms.placeholder", "fields": {"slot": "base_content", "default_width": null}}, {"pk": 44, "model": "cms.placeholder", "fields": {"slot": "base_content", "default_width": null}}, {"pk": 45, "model": "cms.placeholder", "fields": {"slot": "base_content", "default_width": null}}, {"pk": 46, "model": "cms.placeholder", "fields": {"slot": "base_content", "default_width": null}}, {"pk": 47, "model": "cms.placeholder", "fields": {"slot": "base_content", "default_width": null}}, {"pk": 48, "model": "cms.placeholder", "fields": {"slot": "base_content", "default_width": null}}, {"pk": 49, "model": "cms.placeholder", "fields": {"slot": "base_content", "default_width": null}}, {"pk": 50, "model": "cms.placeholder", "fields": {"slot": "base_content", "default_width": null}}, {"pk": 53, "model": "cms.placeholder", "fields": {"slot": "base_content", "default_width": null}}, {"pk": 55, "model": "cms.placeholder", "fields": {"slot": "goal_1", "default_width": null}}, {"pk": 56, "model": "cms.placeholder", "fields": {"slot": "goal_2", "default_width": null}}, {"pk": 57, "model": "cms.placeholder", "fields": {"slot": "goal_3", "default_width": null}}, {"pk": 58, "model": "cms.placeholder", "fields": {"slot": "goal_4", "default_width": null}}, {"pk": 59, "model": "cms.placeholder", "fields": {"slot": "about_festival", "default_width": null}}, {"pk": 60, "model": "cms.placeholder", "fields": {"slot": "mission_1", "default_width": null}}, {"pk": 61, "model": "cms.placeholder", "fields": {"slot": "mission_2", "default_width": null}}, {"pk": 62, "model": "cms.placeholder", "fields": {"slot": "mission_3", "default_width": null}}, {"pk": 63, "model": "cms.placeholder", "fields": {"slot": "base_content", "default_width": null}}, {"pk": 64, "model": "cms.placeholder", "fields": {"slot": "goal_1", "default_width": null}}, {"pk": 65, "model": "cms.placeholder", "fields": {"slot": "goal_2", "default_width": null}}, {"pk": 66, "model": "cms.placeholder", "fields": {"slot": "goal_3", "default_width": null}}, {"pk": 67, "model": "cms.placeholder", "fields": {"slot": "goal_4", "default_width": null}}, {"pk": 68, "model": "cms.placeholder", "fields": {"slot": "about_festival", "default_width": null}}, {"pk": 69, "model": "cms.placeholder", "fields": {"slot": "mission_1", "default_width": null}}, {"pk": 70, "model": "cms.placeholder", "fields": {"slot": "mission_2", "default_width": null}}, {"pk": 71, "model": "cms.placeholder", "fields": {"slot": "mission_3", "default_width": null}}, {"pk": 74, "model": "cms.placeholder", "fields": {"slot": "base_content", "default_width": null}}, {"pk": 75, "model": "cms.placeholder", "fields": {"slot": "base_content", "default_width": null}}, {"pk": 79, "model": "cms.placeholder", "fields": {"slot": "base_content", "default_width": null}}, {"pk": 80, "model": "cms.placeholder", "fields": {"slot": "base_content", "default_width": null}}, {"pk": 81, "model": "cms.placeholder", "fields": {"slot": "base_content", "default_width": null}}, {"pk": 82, "model": "cms.placeholder", "fields": {"slot": "base_content", "default_width": null}}, {"pk": 83, "model": "cms.placeholder", "fields": {"slot": "base_content", "default_width": null}}, {"pk": 84, "model": "cms.placeholder", "fields": {"slot": "base_content", "default_width": null}}, {"pk": 85, "model": "cms.placeholder", "fields": {"slot": "contacts", "default_width": null}}, {"pk": 86, "model": "cms.placeholder", "fields": {"slot": "contacts", "default_width": null}}, {"pk": 87, "model": "cms.placeholder", "fields": {"slot": "base_content", "default_width": null}}, {"pk": 88, "model": "cms.placeholder", "fields": {"slot": "base_content", "default_width": null}}, {"pk": 89, "model": "cms.placeholder", "fields": {"slot": "base_content", "default_width": null}}, {"pk": 85, "model": "cms.cmsplugin", "fields": {"rght": 22, "changed_date": "2015-04-15T12:49:08.966Z", "parent": null, "language": "en", "level": 0, "creation_date": "2013-10-17T06:10:20.101Z", "lft": 1, "tree_id": 85, "position": 1, "placeholder": 23, "plugin_type": "TextPlugin"}}, {"pk": 2871, "model": "cms.cmsplugin", "fields": {"rght": 3, "changed_date": "2015-04-15T12:20:37.192Z", "parent": 85, "language": "en", "level": 1, "creation_date": "2015-04-15T11:50:35.564Z", "lft": 2, "tree_id": 85, "position": 0, "placeholder": 23, "plugin_type": "LinkPlugin"}}, {"pk": 2876, "model": "cms.cmsplugin", "fields": {"rght": 7, "changed_date": "2015-04-15T12:20:37.194Z", "parent": 85, "language": "en", "level": 1, "creation_date": "2015-04-15T11:58:15.274Z", "lft": 6, "tree_id": 85, "position": 2, "placeholder": 23, "plugin_type": "LinkPlugin"}}, {"pk": 2887, "model": "cms.cmsplugin", "fields": {"rght": 9, "changed_date": "2015-04-15T12:20:37.197Z", "parent": 85, "language": "en", "level": 1, "creation_date": "2015-04-15T12:08:21.405Z", "lft": 8, "tree_id": 85, "position": 3, "placeholder": 23, "plugin_type": "LinkPlugin"}}, {"pk": 2894, "model": "cms.cmsplugin", "fields": {"rght": 11, "changed_date": "2015-04-15T12:20:37.199Z", "parent": 85, "language": "en", "level": 1, "creation_date": "2015-04-15T12:10:00.017Z", "lft": 10, "tree_id": 85, "position": 4, "placeholder": 23, "plugin_type": "LinkPlugin"}}, {"pk": 2902, "model": "cms.cmsplugin", "fields": {"rght": 13, "changed_date": "2015-04-15T12:20:37.202Z", "parent": 85, "language": "en", "level": 1, "creation_date": "2015-04-15T12:14:40.553Z", "lft": 12, "tree_id": 85, "position": 5, "placeholder": 23, "plugin_type": "LinkPlugin"}}, {"pk": 2938, "model": "cms.cmsplugin", "fields": {"rght": 15, "changed_date": "2015-04-15T12:20:34.985Z", "parent": 85, "language": "en", "level": 1, "creation_date": "2015-04-15T12:20:26.710Z", "lft": 14, "tree_id": 85, "position": 6, "placeholder": 23, "plugin_type": "LinkPlugin"}}, {"pk": 2957, "model": "cms.cmsplugin", "fields": {"rght": 19, "changed_date": "2015-04-15T12:47:33.256Z", "parent": 85, "language": "en", "level": 1, "creation_date": "2015-04-15T12:47:16.464Z", "lft": 18, "tree_id": 85, "position": 6, "placeholder": 23, "plugin_type": "LinkPlugin"}}, {"pk": 2968, "model": "cms.cmsplugin", "fields": {"rght": 21, "changed_date": "2015-04-15T12:49:04.464Z", "parent": 85, "language": "en", "level": 1, "creation_date": "2015-04-15T12:48:58.179Z", "lft": 20, "tree_id": 85, "position": 7, "placeholder": 23, "plugin_type": "LinkPlugin"}}, {"pk": 86, "model": "cms.cmsplugin", "fields": {"rght": 2, "changed_date": "2015-04-15T12:58:10.353Z", "parent": null, "language": "ru", "level": 0, "creation_date": "2013-10-17T06:11:45.513Z", "lft": 1, "tree_id": 86, "position": 0, "placeholder": 23, "plugin_type": "TextPlugin"}}, {"pk": 87, "model": "cms.cmsplugin", "fields": {"rght": 2, "changed_date": "2015-04-15T12:58:52.536Z", "parent": null, "language": "be", "level": 0, "creation_date": "2013-10-17T06:12:54.264Z", "lft": 1, "tree_id": 87, "position": 0, "placeholder": 23, "plugin_type": "TextPlugin"}}, {"pk": 91, "model": "cms.cmsplugin", "fields": {"rght": 2, "changed_date": "2013-10-17T06:20:22.763Z", "parent": null, "language": "en", "level": 0, "creation_date": "2013-10-17T06:19:56.379Z", "lft": 1, "tree_id": 91, "position": 0, "placeholder": 25, "plugin_type": "TextPlugin"}}, {"pk": 92, "model": "cms.cmsplugin", "fields": {"rght": 2, "changed_date": "2013-10-17T06:21:16.880Z", "parent": null, "language": "ru", "level": 0, "creation_date": "2013-10-17T06:19:56.379Z", "lft": 1, "tree_id": 92, "position": 0, "placeholder": 25, "plugin_type": "TextPlugin"}}, {"pk": 93, "model": "cms.cmsplugin", "fields": {"rght": 2, "changed_date": "2013-10-17T06:21:37.416Z", "parent": null, "language": "be", "level": 0, "creation_date": "2013-10-17T06:19:56.379Z", "lft": 1, "tree_id": 93, "position": 0, "placeholder": 25, "plugin_type": "TextPlugin"}}, {"pk": 94, "model": "cms.cmsplugin", "fields": {"rght": 2, "changed_date": "2013-10-17T06:21:50.825Z", "parent": null, "language": "en", "level": 0, "creation_date": "2013-10-17T06:19:56.379Z", "lft": 1, "tree_id": 94, "position": 0, "placeholder": 26, "plugin_type": "TextPlugin"}}, {"pk": 95, "model": "cms.cmsplugin", "fields": {"rght": 2, "changed_date": "2013-10-17T06:21:51.087Z", "parent": null, "language": "ru", "level": 0, "creation_date": "2013-10-17T06:19:56.379Z", "lft": 1, "tree_id": 95, "position": 0, "placeholder": 26, "plugin_type": "TextPlugin"}}, {"pk": 96, "model": "cms.cmsplugin", "fields": {"rght": 2, "changed_date": "2013-10-17T06:21:51.279Z", "parent": null, "language": "be", "level": 0, "creation_date": "2013-10-17T06:19:56.379Z", "lft": 1, "tree_id": 96, "position": 0, "placeholder": 26, "plugin_type": "TextPlugin"}}, {"pk": 97, "model": "cms.cmsplugin", "fields": {"rght": 2, "changed_date": "2013-10-19T20:18:20.131Z", "parent": null, "language": "be", "level": 0, "creation_date": "2013-10-18T12:55:41.695Z", "lft": 1, "tree_id": 97, "position": 0, "placeholder": 49, "plugin_type": "TextPlugin"}}, {"pk": 152, "model": "cms.cmsplugin", "fields": {"rght": 2, "changed_date": "2013-10-19T20:18:30.681Z", "parent": null, "language": "be", "level": 0, "creation_date": "2013-10-18T12:55:41.695Z", "lft": 1, "tree_id": 126, "position": 0, "placeholder": 50, "plugin_type": "TextPlugin"}}, {"pk": 205, "model": "cms.cmsplugin", "fields": {"rght": 2, "changed_date": "2013-10-20T18:34:32.137Z", "parent": null, "language": "ru", "level": 0, "creation_date": "2013-10-18T12:55:41.695Z", "lft": 1, "tree_id": 153, "position": 0, "placeholder": 49, "plugin_type": "TextPlugin"}}, {"pk": 206, "model": "cms.cmsplugin", "fields": {"rght": 2, "changed_date": "2013-10-20T18:35:05.767Z", "parent": null, "language": "en", "level": 0, "creation_date": "2013-10-18T12:55:41.695Z", "lft": 1, "tree_id": 154, "position": 0, "placeholder": 49, "plugin_type": "TextPlugin"}}, {"pk": 810, "model": "cms.cmsplugin", "fields": {"rght": 2, "changed_date": "2014-04-11T18:45:35.134Z", "parent": null, "language": "ru", "level": 0, "creation_date": "2014-02-01T19:15:47.795Z", "lft": 1, "tree_id": 368, "position": 0, "placeholder": 53, "plugin_type": "TextPlugin"}}, {"pk": 811, "model": "cms.cmsplugin", "fields": {"rght": 4, "changed_date": "2014-04-10T20:44:34.987Z", "parent": null, "language": "be", "level": 0, "creation_date": "2014-02-01T21:17:44.112Z", "lft": 1, "tree_id": 369, "position": 0, "placeholder": 53, "plugin_type": "TextPlugin"}}, {"pk": 813, "model": "cms.cmsplugin", "fields": {"rght": 2, "changed_date": "2014-04-11T18:44:16.742Z", "parent": null, "language": "ru", "level": 0, "creation_date": "2014-02-01T19:15:47.795Z", "lft": 1, "tree_id": 370, "position": 0, "placeholder": 63, "plugin_type": "TextPlugin"}}, {"pk": 814, "model": "cms.cmsplugin", "fields": {"rght": 2, "changed_date": "2014-04-11T18:44:16.753Z", "parent": null, "language": "be", "level": 0, "creation_date": "2014-02-01T21:17:44.112Z", "lft": 1, "tree_id": 371, "position": 0, "placeholder": 63, "plugin_type": "TextPlugin"}}, {"pk": 830, "model": "cms.cmsplugin", "fields": {"rght": 2, "changed_date": "2015-03-17T09:53:09.740Z", "parent": null, "language": "en", "level": 0, "creation_date": "2013-10-12T10:33:16.631Z", "lft": 1, "tree_id": 380, "position": 0, "placeholder": 3, "plugin_type": "TextPlugin"}}, {"pk": 831, "model": "cms.cmsplugin", "fields": {"rght": 2, "changed_date": "2015-03-17T09:54:59.623Z", "parent": null, "language": "ru", "level": 0, "creation_date": "2013-10-12T10:33:16.631Z", "lft": 1, "tree_id": 381, "position": 0, "placeholder": 3, "plugin_type": "TextPlugin"}}, {"pk": 832, "model": "cms.cmsplugin", "fields": {"rght": 2, "changed_date": "2015-03-17T09:59:45.626Z", "parent": null, "language": "be", "level": 0, "creation_date": "2013-10-12T10:33:16.631Z", "lft": 1, "tree_id": 382, "position": 0, "placeholder": 3, "plugin_type": "TextPlugin"}}, {"pk": 1103, "model": "cms.cmsplugin", "fields": {"rght": 4, "changed_date": "2014-09-10T17:55:06.824Z", "parent": null, "language": "be", "level": 0, "creation_date": "2014-07-28T19:38:03.800Z", "lft": 1, "tree_id": 497, "position": 0, "placeholder": 74, "plugin_type": "TextPlugin"}}, {"pk": 1104, "model": "cms.cmsplugin", "fields": {"rght": 3, "changed_date": "2014-09-10T17:55:06.814Z", "parent": 1103, "language": "be", "level": 1, "creation_date": "2014-09-10T17:55:06.812Z", "lft": 2, "tree_id": 497, "position": 0, "placeholder": 74, "plugin_type": "PicturePlugin"}}, {"pk": 1105, "model": "cms.cmsplugin", "fields": {"rght": 2, "changed_date": "2014-09-10T17:55:06.818Z", "parent": null, "language": "be", "level": 0, "creation_date": "2014-09-10T17:55:06.817Z", "lft": 1, "tree_id": 498, "position": 1, "placeholder": 74, "plugin_type": "TwitterRecentEntriesPlugin"}}, {"pk": 1108, "model": "cms.cmsplugin", "fields": {"rght": 2, "changed_date": "2014-09-10T18:38:02.861Z", "parent": null, "language": "ru", "level": 0, "creation_date": "2014-09-10T18:23:28.978Z", "lft": 1, "tree_id": 501, "position": 0, "placeholder": 75, "plugin_type": "TextPlugin"}}, {"pk": 1109, "model": "cms.cmsplugin", "fields": {"rght": 2, "changed_date": "2014-09-10T18:24:22.939Z", "parent": null, "language": "en", "level": 0, "creation_date": "2014-09-10T18:21:07.366Z", "lft": 1, "tree_id": 502, "position": 0, "placeholder": 79, "plugin_type": "TextPlugin"}}, {"pk": 1116, "model": "cms.cmsplugin", "fields": {"rght": 2, "changed_date": "2014-09-10T18:27:43.930Z", "parent": null, "language": "be", "level": 0, "creation_date": "2014-09-10T18:26:17.961Z", "lft": 1, "tree_id": 509, "position": 0, "placeholder": 82, "plugin_type": "TextPlugin"}}, {"pk": 1118, "model": "cms.cmsplugin", "fields": {"rght": 2, "changed_date": "2014-09-10T18:26:55.081Z", "parent": null, "language": "ru", "level": 0, "creation_date": "2014-09-10T18:26:55.079Z", "lft": 1, "tree_id": 511, "position": 1, "placeholder": 75, "plugin_type": "TextPlugin"}}, {"pk": 1119, "model": "cms.cmsplugin", "fields": {"rght": 2, "changed_date": "2014-09-10T18:28:52.080Z", "parent": null, "language": "ru", "level": 0, "creation_date": "2014-09-10T18:27:01.184Z", "lft": 1, "tree_id": 512, "position": 2, "placeholder": 75, "plugin_type": "TeaserPlugin"}}, {"pk": 1124, "model": "cms.cmsplugin", "fields": {"rght": 2, "changed_date": "2014-09-10T18:37:12.815Z", "parent": null, "language": "en", "level": 0, "creation_date": "2014-09-10T18:37:12.813Z", "lft": 1, "tree_id": 513, "position": 0, "placeholder": 80, "plugin_type": "TextPlugin"}}, {"pk": 1125, "model": "cms.cmsplugin", "fields": {"rght": 2, "changed_date": "2014-09-10T18:37:12.818Z", "parent": null, "language": "en", "level": 0, "creation_date": "2014-09-10T18:37:12.817Z", "lft": 1, "tree_id": 514, "position": 1, "placeholder": 80, "plugin_type": "TextPlugin"}}, {"pk": 1126, "model": "cms.cmsplugin", "fields": {"rght": 2, "changed_date": "2014-09-10T18:37:12.822Z", "parent": null, "language": "en", "level": 0, "creation_date": "2014-09-10T18:37:12.820Z", "lft": 1, "tree_id": 515, "position": 2, "placeholder": 80, "plugin_type": "VideoPlugin"}}, {"pk": 1127, "model": "cms.cmsplugin", "fields": {"rght": 6, "changed_date": "2014-09-10T18:37:12.851Z", "parent": null, "language": "en", "level": 0, "creation_date": "2014-09-10T18:26:40.426Z", "lft": 1, "tree_id": 516, "position": 3, "placeholder": 80, "plugin_type": "TextPlugin"}}, {"pk": 1128, "model": "cms.cmsplugin", "fields": {"rght": 3, "changed_date": "2014-09-10T18:37:12.836Z", "parent": 1127, "language": "en", "level": 1, "creation_date": "2014-09-10T18:37:12.834Z", "lft": 2, "tree_id": 516, "position": 0, "placeholder": 80, "plugin_type": "PicturePlugin"}}, {"pk": 1129, "model": "cms.cmsplugin", "fields": {"rght": 5, "changed_date": "2014-09-10T18:37:12.841Z", "parent": 1127, "language": "en", "level": 1, "creation_date": "2014-09-10T18:37:12.839Z", "lft": 4, "tree_id": 516, "position": 1, "placeholder": 80, "plugin_type": "PicturePlugin"}}, {"pk": 1130, "model": "cms.cmsplugin", "fields": {"rght": 2, "changed_date": "2014-09-10T18:52:40.729Z", "parent": null, "language": "en", "level": 0, "creation_date": "2013-09-08T14:59:30.413Z", "lft": 1, "tree_id": 517, "position": 0, "placeholder": 1, "plugin_type": "TextPlugin"}}, {"pk": 1131, "model": "cms.cmsplugin", "fields": {"rght": 2, "changed_date": "2014-09-10T18:52:40.773Z", "parent": null, "language": "en", "level": 0, "creation_date": "2013-10-12T13:13:00.697Z", "lft": 1, "tree_id": 518, "position": 0, "placeholder": 5, "plugin_type": "TextPlugin"}}, {"pk": 1132, "model": "cms.cmsplugin", "fields": {"rght": 2, "changed_date": "2014-09-10T18:52:40.784Z", "parent": null, "language": "ru", "level": 0, "creation_date": "2013-10-12T13:13:00.697Z", "lft": 1, "tree_id": 519, "position": 0, "placeholder": 5, "plugin_type": "TextPlugin"}}, {"pk": 1133, "model": "cms.cmsplugin", "fields": {"rght": 2, "changed_date": "2014-10-03T22:05:06.966Z", "parent": null, "language": "be", "level": 0, "creation_date": "2013-10-12T13:13:00.697Z", "lft": 1, "tree_id": 520, "position": 0, "placeholder": 5, "plugin_type": "TextPlugin"}}, {"pk": 1134, "model": "cms.cmsplugin", "fields": {"rght": 2, "changed_date": "2014-09-10T18:52:40.842Z", "parent": null, "language": "en", "level": 0, "creation_date": "2013-10-12T13:14:38.060Z", "lft": 1, "tree_id": 521, "position": 0, "placeholder": 7, "plugin_type": "TextPlugin"}}, {"pk": 1135, "model": "cms.cmsplugin", "fields": {"rght": 2, "changed_date": "2014-09-10T18:52:40.853Z", "parent": null, "language": "ru", "level": 0, "creation_date": "2013-10-12T13:14:38.060Z", "lft": 1, "tree_id": 522, "position": 0, "placeholder": 7, "plugin_type": "TextPlugin"}}, {"pk": 1136, "model": "cms.cmsplugin", "fields": {"rght": 2, "changed_date": "2014-09-10T18:52:40.863Z", "parent": null, "language": "be", "level": 0, "creation_date": "2013-10-12T13:14:38.060Z", "lft": 1, "tree_id": 523, "position": 0, "placeholder": 7, "plugin_type": "TextPlugin"}}, {"pk": 1137, "model": "cms.cmsplugin", "fields": {"rght": 2, "changed_date": "2014-09-10T18:52:40.907Z", "parent": null, "language": "en", "level": 0, "creation_date": "2013-10-12T13:15:02.614Z", "lft": 1, "tree_id": 524, "position": 0, "placeholder": 8, "plugin_type": "TextPlugin"}}, {"pk": 1138, "model": "cms.cmsplugin", "fields": {"rght": 2, "changed_date": "2014-09-10T18:52:40.917Z", "parent": null, "language": "ru", "level": 0, "creation_date": "2013-10-12T13:15:02.614Z", "lft": 1, "tree_id": 525, "position": 0, "placeholder": 8, "plugin_type": "TextPlugin"}}, {"pk": 1139, "model": "cms.cmsplugin", "fields": {"rght": 2, "changed_date": "2014-10-03T22:10:16.645Z", "parent": null, "language": "be", "level": 0, "creation_date": "2013-10-12T13:15:02.614Z", "lft": 1, "tree_id": 526, "position": 0, "placeholder": 8, "plugin_type": "TextPlugin"}}, {"pk": 1140, "model": "cms.cmsplugin", "fields": {"rght": 2, "changed_date": "2014-09-10T18:52:40.971Z", "parent": null, "language": "en", "level": 0, "creation_date": "2013-10-12T13:15:16.199Z", "lft": 1, "tree_id": 527, "position": 0, "placeholder": 9, "plugin_type": "TextPlugin"}}, {"pk": 1141, "model": "cms.cmsplugin", "fields": {"rght": 2, "changed_date": "2014-09-10T18:52:40.981Z", "parent": null, "language": "ru", "level": 0, "creation_date": "2013-10-12T13:15:16.199Z", "lft": 1, "tree_id": 528, "position": 0, "placeholder": 9, "plugin_type": "TextPlugin"}}, {"pk": 1142, "model": "cms.cmsplugin", "fields": {"rght": 2, "changed_date": "2014-10-03T22:10:39.369Z", "parent": null, "language": "be", "level": 0, "creation_date": "2013-10-12T13:15:16.199Z", "lft": 1, "tree_id": 529, "position": 0, "placeholder": 9, "plugin_type": "TextPlugin"}}, {"pk": 1143, "model": "cms.cmsplugin", "fields": {"rght": 8, "changed_date": "2015-05-04T21:34:48.746Z", "parent": null, "language": "en", "level": 0, "creation_date": "2013-10-12T13:15:47.726Z", "lft": 1, "tree_id": 530, "position": 0, "placeholder": 6, "plugin_type": "TextPlugin"}}, {"pk": 2337, "model": "cms.cmsplugin", "fields": {"rght": 5, "changed_date": "2015-04-02T22:16:53.215Z", "parent": 1143, "language": "en", "level": 1, "creation_date": "2015-04-02T22:15:15.898Z", "lft": 4, "tree_id": 530, "position": 3, "placeholder": 6, "plugin_type": "LinkPlugin"}}, {"pk": 1144, "model": "cms.cmsplugin", "fields": {"rght": 6, "changed_date": "2015-07-06T17:18:57.766Z", "parent": null, "language": "ru", "level": 0, "creation_date": "2013-10-12T13:15:47.726Z", "lft": 1, "tree_id": 531, "position": 1, "placeholder": 6, "plugin_type": "TextPlugin"}}, {"pk": 2645, "model": "cms.cmsplugin", "fields": {"rght": 3, "changed_date": "2015-04-02T22:31:09.933Z", "parent": 1144, "language": "ru", "level": 1, "creation_date": "2015-04-02T22:30:40.583Z", "lft": 2, "tree_id": 531, "position": 1, "placeholder": 6, "plugin_type": "LinkPlugin"}}, {"pk": 1145, "model": "cms.cmsplugin", "fields": {"rght": 12, "changed_date": "2015-04-02T22:33:49.021Z", "parent": null, "language": "be", "level": 0, "creation_date": "2013-10-12T13:15:47.726Z", "lft": 1, "tree_id": 532, "position": 1, "placeholder": 6, "plugin_type": "TextPlugin"}}, {"pk": 2284, "model": "cms.cmsplugin", "fields": {"rght": 7, "changed_date": "2015-04-02T22:12:41.234Z", "parent": 1145, "language": "be", "level": 1, "creation_date": "2015-04-02T22:11:11.151Z", "lft": 6, "tree_id": 532, "position": 5, "placeholder": 6, "plugin_type": "LinkPlugin"}}, {"pk": 1147, "model": "cms.cmsplugin", "fields": {"rght": 2, "changed_date": "2015-04-02T22:31:16.746Z", "parent": null, "language": "ru", "level": 0, "creation_date": "2014-09-10T18:52:41.043Z", "lft": 1, "tree_id": 534, "position": 3, "placeholder": 6, "plugin_type": "TextPlugin"}}, {"pk": 1149, "model": "cms.cmsplugin", "fields": {"rght": 2, "changed_date": "2015-04-08T17:31:02.364Z", "parent": null, "language": "be", "level": 0, "creation_date": "2014-09-10T18:52:41.057Z", "lft": 1, "tree_id": 536, "position": 0, "placeholder": 6, "plugin_type": "PicturePlugin"}}, {"pk": 1154, "model": "cms.cmsplugin", "fields": {"rght": 2, "changed_date": "2015-04-02T22:31:16.753Z", "parent": null, "language": "ru", "level": 0, "creation_date": "2014-09-10T18:52:41.102Z", "lft": 1, "tree_id": 541, "position": 6, "placeholder": 6, "plugin_type": "TeaserPlugin"}}, {"pk": 1155, "model": "cms.cmsplugin", "fields": {"rght": 2, "changed_date": "2015-04-02T22:31:16.756Z", "parent": null, "language": "ru", "level": 0, "creation_date": "2014-09-10T18:52:41.105Z", "lft": 1, "tree_id": 542, "position": 7, "placeholder": 6, "plugin_type": "PicturePlugin"}}, {"pk": 1156, "model": "cms.cmsplugin", "fields": {"rght": 2, "changed_date": "2014-09-10T18:52:41.235Z", "parent": null, "language": "en", "level": 0, "creation_date": "2013-10-12T13:18:52.071Z", "lft": 1, "tree_id": 543, "position": 0, "placeholder": 15, "plugin_type": "TextPlugin"}}, {"pk": 1157, "model": "cms.cmsplugin", "fields": {"rght": 2, "changed_date": "2014-09-10T18:52:41.245Z", "parent": null, "language": "ru", "level": 0, "creation_date": "2013-10-12T13:18:52.071Z", "lft": 1, "tree_id": 544, "position": 0, "placeholder": 15, "plugin_type": "TextPlugin"}}, {"pk": 1158, "model": "cms.cmsplugin", "fields": {"rght": 2, "changed_date": "2014-09-10T18:52:41.255Z", "parent": null, "language": "be", "level": 0, "creation_date": "2013-10-12T13:18:52.071Z", "lft": 1, "tree_id": 545, "position": 0, "placeholder": 15, "plugin_type": "TextPlugin"}}, {"pk": 1159, "model": "cms.cmsplugin", "fields": {"rght": 2, "changed_date": "2014-09-10T18:52:41.299Z", "parent": null, "language": "en", "level": 0, "creation_date": "2013-10-12T13:19:10.477Z", "lft": 1, "tree_id": 546, "position": 0, "placeholder": 16, "plugin_type": "TextPlugin"}}, {"pk": 1160, "model": "cms.cmsplugin", "fields": {"rght": 2, "changed_date": "2014-09-10T18:52:41.312Z", "parent": null, "language": "ru", "level": 0, "creation_date": "2013-10-12T13:19:10.477Z", "lft": 1, "tree_id": 547, "position": 0, "placeholder": 16, "plugin_type": "TextPlugin"}}, {"pk": 1161, "model": "cms.cmsplugin", "fields": {"rght": 2, "changed_date": "2014-10-03T22:26:38.864Z", "parent": null, "language": "be", "level": 0, "creation_date": "2013-10-12T13:19:10.477Z", "lft": 1, "tree_id": 548, "position": 0, "placeholder": 16, "plugin_type": "TextPlugin"}}, {"pk": 1162, "model": "cms.cmsplugin", "fields": {"rght": 2, "changed_date": "2014-10-03T22:32:04.742Z", "parent": null, "language": "en", "level": 0, "creation_date": "2013-10-12T13:19:26.253Z", "lft": 1, "tree_id": 549, "position": 0, "placeholder": 17, "plugin_type": "TextPlugin"}}, {"pk": 1163, "model": "cms.cmsplugin", "fields": {"rght": 2, "changed_date": "2014-09-10T18:52:41.344Z", "parent": null, "language": "en", "level": 0, "creation_date": "2014-09-10T18:52:41.342Z", "lft": 1, "tree_id": 550, "position": 1, "placeholder": 17, "plugin_type": "TextPlugin"}}, {"pk": 1164, "model": "cms.cmsplugin", "fields": {"rght": 2, "changed_date": "2014-10-03T22:31:09.323Z", "parent": null, "language": "ru", "level": 0, "creation_date": "2013-10-12T13:19:26.253Z", "lft": 1, "tree_id": 551, "position": 0, "placeholder": 17, "plugin_type": "TextPlugin"}}, {"pk": 1165, "model": "cms.cmsplugin", "fields": {"rght": 2, "changed_date": "2014-10-03T22:30:32.036Z", "parent": null, "language": "be", "level": 0, "creation_date": "2013-10-12T13:19:26.253Z", "lft": 1, "tree_id": 552, "position": 0, "placeholder": 17, "plugin_type": "TextPlugin"}}, {"pk": 1277, "model": "cms.cmsplugin", "fields": {"rght": 2, "changed_date": "2015-07-06T17:18:41.122Z", "parent": null, "language": "ru", "level": 0, "creation_date": "2014-11-14T22:22:39.359Z", "lft": 1, "tree_id": 627, "position": 3, "placeholder": 6, "plugin_type": "PicturePlugin"}}, {"pk": 1278, "model": "cms.cmsplugin", "fields": {"rght": 2, "changed_date": "2015-04-02T22:31:16.758Z", "parent": null, "language": "ru", "level": 0, "creation_date": "2014-11-14T22:33:48.342Z", "lft": 1, "tree_id": 628, "position": 8, "placeholder": 6, "plugin_type": "PicturePlugin"}}, {"pk": 1318, "model": "cms.cmsplugin", "fields": {"rght": 2, "changed_date": "2015-04-02T22:31:16.761Z", "parent": null, "language": "ru", "level": 0, "creation_date": "2014-11-14T22:34:55.820Z", "lft": 1, "tree_id": 668, "position": 9, "placeholder": 6, "plugin_type": "PicturePlugin"}}, {"pk": 1319, "model": "cms.cmsplugin", "fields": {"rght": 2, "changed_date": "2015-07-06T17:20:35.357Z", "parent": null, "language": "ru", "level": 0, "creation_date": "2014-11-14T22:37:15.292Z", "lft": 1, "tree_id": 669, "position": 2, "placeholder": 6, "plugin_type": "PicturePlugin"}}, {"pk": 1807, "model": "cms.cmsplugin", "fields": {"rght": 4, "changed_date": "2014-11-23T00:05:54.885Z", "parent": null, "language": "ru", "level": 0, "creation_date": "2014-11-23T00:00:14.239Z", "lft": 1, "tree_id": 795, "position": 0, "placeholder": 84, "plugin_type": "TextPlugin"}}, {"pk": 1808, "model": "cms.cmsplugin", "fields": {"rght": 3, "changed_date": "2014-11-23T00:05:54.873Z", "parent": 1807, "language": "ru", "level": 1, "creation_date": "2014-11-23T00:05:54.869Z", "lft": 2, "tree_id": 795, "position": 0, "placeholder": 84, "plugin_type": "PicturePlugin"}}, {"pk": 1810, "model": "cms.cmsplugin", "fields": {"rght": 2, "changed_date": "2014-11-23T05:00:35.944Z", "parent": null, "language": "ru", "level": 0, "creation_date": "2014-11-23T05:00:35.942Z", "lft": 1, "tree_id": 796, "position": 0, "placeholder": 83, "plugin_type": "TextPlugin"}}, {"pk": 1811, "model": "cms.cmsplugin", "fields": {"rght": 2, "changed_date": "2015-01-20T08:59:36.248Z", "parent": null, "language": "en", "level": 0, "creation_date": "2014-11-30T14:34:19.045Z", "lft": 1, "tree_id": 797, "position": 0, "placeholder": 85, "plugin_type": "ContactPlugin"}}, {"pk": 1812, "model": "cms.cmsplugin", "fields": {"rght": 2, "changed_date": "2014-11-30T14:38:56.216Z", "parent": null, "language": "en", "level": 0, "creation_date": "2014-11-30T14:37:36.710Z", "lft": 1, "tree_id": 798, "position": 1, "placeholder": 85, "plugin_type": "ContactPlugin"}}, {"pk": 1813, "model": "cms.cmsplugin", "fields": {"rght": 2, "changed_date": "2014-11-30T14:45:38.283Z", "parent": null, "language": "en", "level": 0, "creation_date": "2014-11-30T14:38:59.556Z", "lft": 1, "tree_id": 799, "position": 2, "placeholder": 85, "plugin_type": "ContactPlugin"}}, {"pk": 1823, "model": "cms.cmsplugin", "fields": {"rght": 2, "changed_date": "2015-02-21T16:44:13.397Z", "parent": null, "language": "en", "level": 0, "creation_date": "2014-12-06T11:00:22.423Z", "lft": 1, "tree_id": 803, "position": 1, "placeholder": 6, "plugin_type": "PicturePlugin"}}, {"pk": 1824, "model": "cms.cmsplugin", "fields": {"rght": 2, "changed_date": "2015-04-02T22:16:15.088Z", "parent": null, "language": "en", "level": 0, "creation_date": "2014-12-06T11:00:42.183Z", "lft": 1, "tree_id": 804, "position": 2, "placeholder": 6, "plugin_type": "TextPlugin"}}, {"pk": 1829, "model": "cms.cmsplugin", "fields": {"rght": 2, "changed_date": "2015-01-20T09:21:17.399Z", "parent": null, "language": "ru", "level": 0, "creation_date": "2014-11-30T14:34:19.045Z", "lft": 1, "tree_id": 808, "position": 0, "placeholder": 85, "plugin_type": "ContactPlugin"}}, {"pk": 1830, "model": "cms.cmsplugin", "fields": {"rght": 2, "changed_date": "2015-01-20T09:20:54.038Z", "parent": null, "language": "ru", "level": 0, "creation_date": "2014-11-30T14:37:36.710Z", "lft": 1, "tree_id": 809, "position": 1, "placeholder": 85, "plugin_type": "ContactPlugin"}}, {"pk": 1831, "model": "cms.cmsplugin", "fields": {"rght": 2, "changed_date": "2015-01-20T09:20:54.049Z", "parent": null, "language": "ru", "level": 0, "creation_date": "2014-11-30T14:38:59.556Z", "lft": 1, "tree_id": 810, "position": 2, "placeholder": 85, "plugin_type": "ContactPlugin"}}, {"pk": 1832, "model": "cms.cmsplugin", "fields": {"rght": 2, "changed_date": "2015-01-20T09:21:56.769Z", "parent": null, "language": "be", "level": 0, "creation_date": "2014-11-30T14:34:19.045Z", "lft": 1, "tree_id": 811, "position": 0, "placeholder": 85, "plugin_type": "ContactPlugin"}}, {"pk": 1833, "model": "cms.cmsplugin", "fields": {"rght": 2, "changed_date": "2015-01-20T09:21:56.779Z", "parent": null, "language": "be", "level": 0, "creation_date": "2014-11-30T14:37:36.710Z", "lft": 1, "tree_id": 812, "position": 1, "placeholder": 85, "plugin_type": "ContactPlugin"}}, {"pk": 1834, "model": "cms.cmsplugin", "fields": {"rght": 2, "changed_date": "2015-01-20T09:21:56.789Z", "parent": null, "language": "be", "level": 0, "creation_date": "2014-11-30T14:38:59.556Z", "lft": 1, "tree_id": 813, "position": 2, "placeholder": 85, "plugin_type": "ContactPlugin"}}, {"pk": 1835, "model": "cms.cmsplugin", "fields": {"rght": 2, "changed_date": "2015-01-20T09:22:03.202Z", "parent": null, "language": "en", "level": 0, "creation_date": "2014-11-30T14:34:19.045Z", "lft": 1, "tree_id": 814, "position": 0, "placeholder": 86, "plugin_type": "ContactPlugin"}}, {"pk": 1836, "model": "cms.cmsplugin", "fields": {"rght": 2, "changed_date": "2015-01-20T09:22:03.213Z", "parent": null, "language": "en", "level": 0, "creation_date": "2014-11-30T14:37:36.710Z", "lft": 1, "tree_id": 815, "position": 1, "placeholder": 86, "plugin_type": "ContactPlugin"}}, {"pk": 1837, "model": "cms.cmsplugin", "fields": {"rght": 2, "changed_date": "2015-01-20T09:22:03.223Z", "parent": null, "language": "en", "level": 0, "creation_date": "2014-11-30T14:38:59.556Z", "lft": 1, "tree_id": 816, "position": 2, "placeholder": 86, "plugin_type": "ContactPlugin"}}, {"pk": 1838, "model": "cms.cmsplugin", "fields": {"rght": 2, "changed_date": "2015-01-20T09:22:03.233Z", "parent": null, "language": "ru", "level": 0, "creation_date": "2014-11-30T14:34:19.045Z", "lft": 1, "tree_id": 817, "position": 0, "placeholder": 86, "plugin_type": "ContactPlugin"}}, {"pk": 1839, "model": "cms.cmsplugin", "fields": {"rght": 2, "changed_date": "2015-01-20T09:22:03.243Z", "parent": null, "language": "ru", "level": 0, "creation_date": "2014-11-30T14:37:36.710Z", "lft": 1, "tree_id": 818, "position": 1, "placeholder": 86, "plugin_type": "ContactPlugin"}}, {"pk": 1840, "model": "cms.cmsplugin", "fields": {"rght": 2, "changed_date": "2015-01-20T09:22:03.253Z", "parent": null, "language": "ru", "level": 0, "creation_date": "2014-11-30T14:38:59.556Z", "lft": 1, "tree_id": 819, "position": 2, "placeholder": 86, "plugin_type": "ContactPlugin"}}, {"pk": 1841, "model": "cms.cmsplugin", "fields": {"rght": 2, "changed_date": "2015-01-20T09:22:03.263Z", "parent": null, "language": "be", "level": 0, "creation_date": "2014-11-30T14:34:19.045Z", "lft": 1, "tree_id": 820, "position": 0, "placeholder": 86, "plugin_type": "ContactPlugin"}}, {"pk": 1842, "model": "cms.cmsplugin", "fields": {"rght": 2, "changed_date": "2015-01-20T09:22:03.274Z", "parent": null, "language": "be", "level": 0, "creation_date": "2014-11-30T14:37:36.710Z", "lft": 1, "tree_id": 821, "position": 1, "placeholder": 86, "plugin_type": "ContactPlugin"}}, {"pk": 1843, "model": "cms.cmsplugin", "fields": {"rght": 2, "changed_date": "2015-01-20T09:22:03.284Z", "parent": null, "language": "be", "level": 0, "creation_date": "2014-11-30T14:38:59.556Z", "lft": 1, "tree_id": 822, "position": 2, "placeholder": 86, "plugin_type": "ContactPlugin"}}, {"pk": 2034, "model": "cms.cmsplugin", "fields": {"rght": 2, "changed_date": "2015-04-02T22:16:15.093Z", "parent": null, "language": "en", "level": 0, "creation_date": "2015-03-09T22:00:26.055Z", "lft": 1, "tree_id": 860, "position": 4, "placeholder": 6, "plugin_type": "PicturePlugin"}}, {"pk": 2079, "model": "cms.cmsplugin", "fields": {"rght": 2, "changed_date": "2015-03-17T10:00:02.318Z", "parent": null, "language": "en", "level": 0, "creation_date": "2013-10-12T10:33:16.631Z", "lft": 1, "tree_id": 899, "position": 0, "placeholder": 4, "plugin_type": "TextPlugin"}}, {"pk": 2080, "model": "cms.cmsplugin", "fields": {"rght": 2, "changed_date": "2015-03-17T10:00:02.339Z", "parent": null, "language": "ru", "level": 0, "creation_date": "2013-10-12T10:33:16.631Z", "lft": 1, "tree_id": 900, "position": 0, "placeholder": 4, "plugin_type": "TextPlugin"}}, {"pk": 2081, "model": "cms.cmsplugin", "fields": {"rght": 2, "changed_date": "2015-03-17T10:00:02.361Z", "parent": null, "language": "be", "level": 0, "creation_date": "2013-10-12T10:33:16.631Z", "lft": 1, "tree_id": 901, "position": 0, "placeholder": 4, "plugin_type": "TextPlugin"}}, {"pk": 2082, "model": "cms.cmsplugin", "fields": {"rght": 2, "changed_date": "2015-04-02T22:11:42.804Z", "parent": null, "language": "be", "level": 0, "creation_date": "2015-04-02T20:34:31.372Z", "lft": 1, "tree_id": 902, "position": 2, "placeholder": 6, "plugin_type": "PicturePlugin"}}, {"pk": 2083, "model": "cms.cmsplugin", "fields": {"rght": 2, "changed_date": "2015-04-02T22:11:42.848Z", "parent": null, "language": "be", "level": 0, "creation_date": "2015-04-02T21:24:42.851Z", "lft": 1, "tree_id": 903, "position": 3, "placeholder": 6, "plugin_type": "PicturePlugin"}}, {"pk": 2084, "model": "cms.cmsplugin", "fields": {"rght": 2, "changed_date": "2015-04-02T22:11:42.879Z", "parent": null, "language": "be", "level": 0, "creation_date": "2015-04-02T21:29:21.868Z", "lft": 1, "tree_id": 904, "position": 4, "placeholder": 6, "plugin_type": "PicturePlugin"}}, {"pk": 2085, "model": "cms.cmsplugin", "fields": {"rght": 2, "changed_date": "2015-04-02T22:11:42.884Z", "parent": null, "language": "be", "level": 0, "creation_date": "2015-04-02T21:40:06.873Z", "lft": 1, "tree_id": 905, "position": 6, "placeholder": 6, "plugin_type": "PicturePlugin"}}, {"pk": 2086, "model": "cms.cmsplugin", "fields": {"rght": 2, "changed_date": "2015-04-02T22:16:15.095Z", "parent": null, "language": "en", "level": 0, "creation_date": "2015-04-02T21:42:47.683Z", "lft": 1, "tree_id": 906, "position": 5, "placeholder": 6, "plugin_type": "TeaserPlugin"}}, {"pk": 2087, "model": "cms.cmsplugin", "fields": {"rght": 2, "changed_date": "2015-04-02T22:16:15.098Z", "parent": null, "language": "en", "level": 0, "creation_date": "2015-04-02T21:43:29.834Z", "lft": 1, "tree_id": 907, "position": 6, "placeholder": 6, "plugin_type": "VideoPlugin"}}, {"pk": 2180, "model": "cms.cmsplugin", "fields": {"rght": 2, "changed_date": "2015-04-08T17:32:47.492Z", "parent": null, "language": "ru", "level": 0, "creation_date": "2015-04-02T21:52:41.455Z", "lft": 1, "tree_id": 1000, "position": 0, "placeholder": 6, "plugin_type": "VideoPlugin"}}, {"pk": 2227, "model": "cms.cmsplugin", "fields": {"rght": 2, "changed_date": "2015-05-04T21:34:48.752Z", "parent": null, "language": "en", "level": 0, "creation_date": "2015-04-02T21:54:47.220Z", "lft": 1, "tree_id": 1047, "position": 7, "placeholder": 6, "plugin_type": "PicturePlugin"}}, {"pk": 2229, "model": "cms.cmsplugin", "fields": {"rght": 2, "changed_date": "2015-04-02T22:03:56.261Z", "parent": null, "language": "en", "level": 0, "creation_date": "2015-04-02T22:03:56.260Z", "lft": 1, "tree_id": 1049, "position": 2, "placeholder": 17, "plugin_type": "LinkPlugin"}}, {"pk": 2808, "model": "cms.cmsplugin", "fields": {"rght": 2, "changed_date": "2015-04-07T09:14:47.055Z", "parent": null, "language": "ru", "level": 0, "creation_date": "2015-04-06T20:38:49.811Z", "lft": 1, "tree_id": 1105, "position": 0, "placeholder": 87, "plugin_type": "TextPlugin"}}, {"pk": 2809, "model": "cms.cmsplugin", "fields": {"rght": 2, "changed_date": "2015-04-06T21:48:01.812Z", "parent": null, "language": "be", "level": 0, "creation_date": "2015-04-06T20:41:48.426Z", "lft": 1, "tree_id": 1106, "position": 0, "placeholder": 87, "plugin_type": "TextPlugin"}}, {"pk": 2810, "model": "cms.cmsplugin", "fields": {"rght": 2, "changed_date": "2015-04-06T21:58:53.275Z", "parent": null, "language": "en", "level": 0, "creation_date": "2015-04-06T21:16:06.072Z", "lft": 1, "tree_id": 1107, "position": 0, "placeholder": 87, "plugin_type": "TextPlugin"}}, {"pk": 2811, "model": "cms.cmsplugin", "fields": {"rght": 2, "changed_date": "2015-04-06T21:55:10.123Z", "parent": null, "language": "ru", "level": 0, "creation_date": "2015-04-06T20:38:49.811Z", "lft": 1, "tree_id": 1108, "position": 0, "placeholder": 88, "plugin_type": "TextPlugin"}}, {"pk": 2812, "model": "cms.cmsplugin", "fields": {"rght": 2, "changed_date": "2015-04-06T21:55:10.134Z", "parent": null, "language": "be", "level": 0, "creation_date": "2015-04-06T20:41:48.426Z", "lft": 1, "tree_id": 1109, "position": 0, "placeholder": 88, "plugin_type": "TextPlugin"}}, {"pk": 2813, "model": "cms.cmsplugin", "fields": {"rght": 2, "changed_date": "2015-04-06T21:55:10.144Z", "parent": null, "language": "en", "level": 0, "creation_date": "2015-04-06T21:16:06.072Z", "lft": 1, "tree_id": 1110, "position": 0, "placeholder": 88, "plugin_type": "TextPlugin"}}, {"pk": 2815, "model": "cms.cmsplugin", "fields": {"rght": 2, "changed_date": "2015-04-07T07:09:40.332Z", "parent": null, "language": "ru", "level": 0, "creation_date": "2015-04-07T07:09:40.331Z", "lft": 1, "tree_id": 1111, "position": 1, "placeholder": 87, "plugin_type": "PicturePlugin"}}, {"pk": 2816, "model": "cms.cmsplugin", "fields": {"rght": 2, "changed_date": "2015-04-08T17:32:11.838Z", "parent": null, "language": "be", "level": 0, "creation_date": "2015-04-08T17:31:10.205Z", "lft": 1, "tree_id": 1112, "position": 0, "placeholder": 6, "plugin_type": "VideoPlugin"}}, {"pk": 2991, "model": "cms.cmsplugin", "fields": {"rght": 18, "changed_date": "2015-04-15T12:58:54.795Z", "parent": null, "language": "en", "level": 0, "creation_date": "2013-10-17T06:10:20.101Z", "lft": 1, "tree_id": 1162, "position": 1, "placeholder": 24, "plugin_type": "TextPlugin"}}, {"pk": 2992, "model": "cms.cmsplugin", "fields": {"rght": 3, "changed_date": "2015-04-15T12:58:54.645Z", "parent": 2991, "language": "en", "level": 1, "creation_date": "2015-04-15T11:50:35.564Z", "lft": 2, "tree_id": 1162, "position": 0, "placeholder": 24, "plugin_type": "LinkPlugin"}}, {"pk": 2993, "model": "cms.cmsplugin", "fields": {"rght": 5, "changed_date": "2015-04-15T12:58:54.656Z", "parent": 2991, "language": "en", "level": 1, "creation_date": "2015-04-15T11:58:15.274Z", "lft": 4, "tree_id": 1162, "position": 2, "placeholder": 24, "plugin_type": "LinkPlugin"}}, {"pk": 2994, "model": "cms.cmsplugin", "fields": {"rght": 7, "changed_date": "2015-04-15T12:58:54.667Z", "parent": 2991, "language": "en", "level": 1, "creation_date": "2015-04-15T12:08:21.405Z", "lft": 6, "tree_id": 1162, "position": 3, "placeholder": 24, "plugin_type": "LinkPlugin"}}, {"pk": 2995, "model": "cms.cmsplugin", "fields": {"rght": 9, "changed_date": "2015-04-15T12:58:54.679Z", "parent": 2991, "language": "en", "level": 1, "creation_date": "2015-04-15T12:10:00.017Z", "lft": 8, "tree_id": 1162, "position": 4, "placeholder": 24, "plugin_type": "LinkPlugin"}}, {"pk": 2996, "model": "cms.cmsplugin", "fields": {"rght": 11, "changed_date": "2015-04-15T12:58:54.690Z", "parent": 2991, "language": "en", "level": 1, "creation_date": "2015-04-15T12:14:40.553Z", "lft": 10, "tree_id": 1162, "position": 5, "placeholder": 24, "plugin_type": "LinkPlugin"}}, {"pk": 2997, "model": "cms.cmsplugin", "fields": {"rght": 13, "changed_date": "2015-04-15T12:58:54.701Z", "parent": 2991, "language": "en", "level": 1, "creation_date": "2015-04-15T12:20:26.710Z", "lft": 12, "tree_id": 1162, "position": 6, "placeholder": 24, "plugin_type": "LinkPlugin"}}, {"pk": 2998, "model": "cms.cmsplugin", "fields": {"rght": 15, "changed_date": "2015-04-15T12:58:54.712Z", "parent": 2991, "language": "en", "level": 1, "creation_date": "2015-04-15T12:47:16.464Z", "lft": 14, "tree_id": 1162, "position": 6, "placeholder": 24, "plugin_type": "LinkPlugin"}}, {"pk": 2999, "model": "cms.cmsplugin", "fields": {"rght": 17, "changed_date": "2015-04-15T12:58:54.723Z", "parent": 2991, "language": "en", "level": 1, "creation_date": "2015-04-15T12:48:58.179Z", "lft": 16, "tree_id": 1162, "position": 7, "placeholder": 24, "plugin_type": "LinkPlugin"}}, {"pk": 3000, "model": "cms.cmsplugin", "fields": {"rght": 2, "changed_date": "2015-04-15T12:58:54.858Z", "parent": null, "language": "ru", "level": 0, "creation_date": "2013-10-17T06:11:45.513Z", "lft": 1, "tree_id": 1163, "position": 0, "placeholder": 24, "plugin_type": "TextPlugin"}}, {"pk": 3001, "model": "cms.cmsplugin", "fields": {"rght": 2, "changed_date": "2015-04-15T12:58:54.907Z", "parent": null, "language": "be", "level": 0, "creation_date": "2013-10-17T06:12:54.264Z", "lft": 1, "tree_id": 1164, "position": 0, "placeholder": 24, "plugin_type": "TextPlugin"}}, {"pk": 3002, "model": "cms.cmsplugin", "fields": {"rght": 2, "changed_date": "2015-04-15T13:00:38.164Z", "parent": null, "language": "be", "level": 0, "creation_date": "2015-04-15T12:59:48.519Z", "lft": 1, "tree_id": 1165, "position": 8, "placeholder": 6, "plugin_type": "PicturePlugin"}}, {"pk": 3055, "model": "cms.cmsplugin", "fields": {"rght": 2, "changed_date": "2015-04-15T13:04:27.219Z", "parent": null, "language": "be", "level": 0, "creation_date": "2015-04-15T13:02:08.112Z", "lft": 1, "tree_id": 1215, "position": 9, "placeholder": 6, "plugin_type": "PicturePlugin"}}, {"pk": 3161, "model": "cms.cmsplugin", "fields": {"rght": 2, "changed_date": "2015-05-21T20:46:00.954Z", "parent": null, "language": "en", "level": 0, "creation_date": "2015-05-21T20:44:21.500Z", "lft": 1, "tree_id": 1265, "position": 8, "placeholder": 6, "plugin_type": "PicturePlugin"}}, {"pk": 3215, "model": "cms.cmsplugin", "fields": {"rght": 2, "changed_date": "2015-05-21T20:47:07.450Z", "parent": null, "language": "en", "level": 0, "creation_date": "2015-05-21T20:46:11.642Z", "lft": 1, "tree_id": 1316, "position": 9, "placeholder": 6, "plugin_type": "PicturePlugin"}}, {"pk": 3216, "model": "cms.cmsplugin", "fields": {"rght": 2, "changed_date": "2015-05-21T20:47:16.327Z", "parent": null, "language": "en", "level": 0, "creation_date": "2013-09-08T14:59:30.413Z", "lft": 1, "tree_id": 1317, "position": 0, "placeholder": 2, "plugin_type": "TextPlugin"}}, {"pk": 3217, "model": "cms.cmsplugin", "fields": {"rght": 2, "changed_date": "2015-05-21T20:47:16.370Z", "parent": null, "language": "en", "level": 0, "creation_date": "2013-10-12T13:13:00.697Z", "lft": 1, "tree_id": 1318, "position": 0, "placeholder": 10, "plugin_type": "TextPlugin"}}, {"pk": 3218, "model": "cms.cmsplugin", "fields": {"rght": 2, "changed_date": "2015-05-21T20:47:16.379Z", "parent": null, "language": "ru", "level": 0, "creation_date": "2013-10-12T13:13:00.697Z", "lft": 1, "tree_id": 1319, "position": 0, "placeholder": 10, "plugin_type": "TextPlugin"}}, {"pk": 3219, "model": "cms.cmsplugin", "fields": {"rght": 2, "changed_date": "2015-05-21T20:47:16.389Z", "parent": null, "language": "be", "level": 0, "creation_date": "2013-10-12T13:13:00.697Z", "lft": 1, "tree_id": 1320, "position": 0, "placeholder": 10, "plugin_type": "TextPlugin"}}, {"pk": 3220, "model": "cms.cmsplugin", "fields": {"rght": 4, "changed_date": "2015-05-21T20:47:16.612Z", "parent": null, "language": "en", "level": 0, "creation_date": "2013-10-12T13:15:47.726Z", "lft": 1, "tree_id": 1321, "position": 0, "placeholder": 14, "plugin_type": "TextPlugin"}}, {"pk": 3221, "model": "cms.cmsplugin", "fields": {"rght": 3, "changed_date": "2015-05-21T20:47:16.421Z", "parent": 3220, "language": "en", "level": 1, "creation_date": "2015-04-02T22:15:15.898Z", "lft": 2, "tree_id": 1321, "position": 3, "placeholder": 14, "plugin_type": "LinkPlugin"}}, {"pk": 3222, "model": "cms.cmsplugin", "fields": {"rght": 4, "changed_date": "2015-05-21T20:47:16.628Z", "parent": null, "language": "ru", "level": 0, "creation_date": "2013-10-12T13:15:47.726Z", "lft": 1, "tree_id": 1322, "position": 1, "placeholder": 14, "plugin_type": "TextPlugin"}}, {"pk": 3223, "model": "cms.cmsplugin", "fields": {"rght": 3, "changed_date": "2015-05-21T20:47:16.445Z", "parent": 3222, "language": "ru", "level": 1, "creation_date": "2015-04-02T22:30:40.583Z", "lft": 2, "tree_id": 1322, "position": 1, "placeholder": 14, "plugin_type": "LinkPlugin"}}, {"pk": 3224, "model": "cms.cmsplugin", "fields": {"rght": 4, "changed_date": "2015-05-21T20:47:16.644Z", "parent": null, "language": "be", "level": 0, "creation_date": "2013-10-12T13:15:47.726Z", "lft": 1, "tree_id": 1323, "position": 1, "placeholder": 14, "plugin_type": "TextPlugin"}}, {"pk": 3225, "model": "cms.cmsplugin", "fields": {"rght": 3, "changed_date": "2015-05-21T20:47:16.467Z", "parent": 3224, "language": "be", "level": 1, "creation_date": "2015-04-02T22:11:11.151Z", "lft": 2, "tree_id": 1323, "position": 5, "placeholder": 14, "plugin_type": "LinkPlugin"}}, {"pk": 3226, "model": "cms.cmsplugin", "fields": {"rght": 2, "changed_date": "2015-05-21T20:47:16.474Z", "parent": null, "language": "ru", "level": 0, "creation_date": "2015-05-21T20:47:16.473Z", "lft": 1, "tree_id": 1324, "position": 3, "placeholder": 14, "plugin_type": "TextPlugin"}}, {"pk": 3227, "model": "cms.cmsplugin", "fields": {"rght": 2, "changed_date": "2015-05-21T20:47:16.477Z", "parent": null, "language": "be", "level": 0, "creation_date": "2015-05-21T20:47:16.476Z", "lft": 1, "tree_id": 1325, "position": 0, "placeholder": 14, "plugin_type": "PicturePlugin"}}, {"pk": 3228, "model": "cms.cmsplugin", "fields": {"rght": 2, "changed_date": "2015-05-21T20:47:16.480Z", "parent": null, "language": "ru", "level": 0, "creation_date": "2015-05-21T20:47:16.479Z", "lft": 1, "tree_id": 1326, "position": 6, "placeholder": 14, "plugin_type": "TeaserPlugin"}}, {"pk": 3229, "model": "cms.cmsplugin", "fields": {"rght": 2, "changed_date": "2015-05-21T20:47:16.483Z", "parent": null, "language": "ru", "level": 0, "creation_date": "2015-05-21T20:47:16.482Z", "lft": 1, "tree_id": 1327, "position": 7, "placeholder": 14, "plugin_type": "PicturePlugin"}}, {"pk": 3230, "model": "cms.cmsplugin", "fields": {"rght": 2, "changed_date": "2015-05-21T20:47:16.489Z", "parent": null, "language": "ru", "level": 0, "creation_date": "2014-11-14T22:22:39.359Z", "lft": 1, "tree_id": 1328, "position": 5, "placeholder": 14, "plugin_type": "PicturePlugin"}}, {"pk": 3231, "model": "cms.cmsplugin", "fields": {"rght": 2, "changed_date": "2015-05-21T20:47:16.497Z", "parent": null, "language": "ru", "level": 0, "creation_date": "2015-05-21T20:47:16.495Z", "lft": 1, "tree_id": 1329, "position": 8, "placeholder": 14, "plugin_type": "PicturePlugin"}}, {"pk": 3232, "model": "cms.cmsplugin", "fields": {"rght": 2, "changed_date": "2015-05-21T20:47:16.500Z", "parent": null, "language": "ru", "level": 0, "creation_date": "2015-05-21T20:47:16.499Z", "lft": 1, "tree_id": 1330, "position": 9, "placeholder": 14, "plugin_type": "PicturePlugin"}}, {"pk": 3233, "model": "cms.cmsplugin", "fields": {"rght": 2, "changed_date": "2015-05-21T20:47:16.506Z", "parent": null, "language": "ru", "level": 0, "creation_date": "2014-11-14T22:37:15.292Z", "lft": 1, "tree_id": 1331, "position": 4, "placeholder": 14, "plugin_type": "PicturePlugin"}}, {"pk": 3234, "model": "cms.cmsplugin", "fields": {"rght": 2, "changed_date": "2015-05-21T20:47:16.513Z", "parent": null, "language": "en", "level": 0, "creation_date": "2015-05-21T20:47:16.512Z", "lft": 1, "tree_id": 1332, "position": 1, "placeholder": 14, "plugin_type": "PicturePlugin"}}, {"pk": 3235, "model": "cms.cmsplugin", "fields": {"rght": 2, "changed_date": "2015-05-21T20:47:16.516Z", "parent": null, "language": "en", "level": 0, "creation_date": "2015-05-21T20:47:16.515Z", "lft": 1, "tree_id": 1333, "position": 2, "placeholder": 14, "plugin_type": "TextPlugin"}}, {"pk": 3236, "model": "cms.cmsplugin", "fields": {"rght": 2, "changed_date": "2015-05-21T20:47:16.519Z", "parent": null, "language": "en", "level": 0, "creation_date": "2015-05-21T20:47:16.518Z", "lft": 1, "tree_id": 1334, "position": 4, "placeholder": 14, "plugin_type": "PicturePlugin"}}, {"pk": 3237, "model": "cms.cmsplugin", "fields": {"rght": 2, "changed_date": "2015-05-21T20:47:16.522Z", "parent": null, "language": "be", "level": 0, "creation_date": "2015-05-21T20:47:16.521Z", "lft": 1, "tree_id": 1335, "position": 2, "placeholder": 14, "plugin_type": "PicturePlugin"}}, {"pk": 3238, "model": "cms.cmsplugin", "fields": {"rght": 2, "changed_date": "2015-05-21T20:47:16.525Z", "parent": null, "language": "be", "level": 0, "creation_date": "2015-05-21T20:47:16.524Z", "lft": 1, "tree_id": 1336, "position": 3, "placeholder": 14, "plugin_type": "PicturePlugin"}}, {"pk": 3239, "model": "cms.cmsplugin", "fields": {"rght": 2, "changed_date": "2015-05-21T20:47:16.529Z", "parent": null, "language": "be", "level": 0, "creation_date": "2015-05-21T20:47:16.527Z", "lft": 1, "tree_id": 1337, "position": 4, "placeholder": 14, "plugin_type": "PicturePlugin"}}, {"pk": 3240, "model": "cms.cmsplugin", "fields": {"rght": 2, "changed_date": "2015-05-21T20:47:16.532Z", "parent": null, "language": "be", "level": 0, "creation_date": "2015-05-21T20:47:16.531Z", "lft": 1, "tree_id": 1338, "position": 6, "placeholder": 14, "plugin_type": "PicturePlugin"}}, {"pk": 3241, "model": "cms.cmsplugin", "fields": {"rght": 2, "changed_date": "2015-05-21T20:47:16.535Z", "parent": null, "language": "en", "level": 0, "creation_date": "2015-05-21T20:47:16.534Z", "lft": 1, "tree_id": 1339, "position": 5, "placeholder": 14, "plugin_type": "TeaserPlugin"}}, {"pk": 3242, "model": "cms.cmsplugin", "fields": {"rght": 2, "changed_date": "2015-05-21T20:47:16.538Z", "parent": null, "language": "en", "level": 0, "creation_date": "2015-05-21T20:47:16.537Z", "lft": 1, "tree_id": 1340, "position": 6, "placeholder": 14, "plugin_type": "VideoPlugin"}}, {"pk": 3243, "model": "cms.cmsplugin", "fields": {"rght": 2, "changed_date": "2015-05-21T20:47:16.544Z", "parent": null, "language": "ru", "level": 0, "creation_date": "2015-04-02T21:52:41.455Z", "lft": 1, "tree_id": 1341, "position": 0, "placeholder": 14, "plugin_type": "VideoPlugin"}}, {"pk": 3244, "model": "cms.cmsplugin", "fields": {"rght": 2, "changed_date": "2015-05-21T20:47:16.552Z", "parent": null, "language": "en", "level": 0, "creation_date": "2015-05-21T20:47:16.551Z", "lft": 1, "tree_id": 1342, "position": 7, "placeholder": 14, "plugin_type": "PicturePlugin"}}, {"pk": 3245, "model": "cms.cmsplugin", "fields": {"rght": 2, "changed_date": "2015-05-21T20:47:16.558Z", "parent": null, "language": "be", "level": 0, "creation_date": "2015-04-08T17:31:10.205Z", "lft": 1, "tree_id": 1343, "position": 0, "placeholder": 14, "plugin_type": "VideoPlugin"}}, {"pk": 3246, "model": "cms.cmsplugin", "fields": {"rght": 2, "changed_date": "2015-05-21T20:47:16.568Z", "parent": null, "language": "be", "level": 0, "creation_date": "2015-04-15T12:59:48.519Z", "lft": 1, "tree_id": 1344, "position": 8, "placeholder": 14, "plugin_type": "PicturePlugin"}}, {"pk": 3247, "model": "cms.cmsplugin", "fields": {"rght": 2, "changed_date": "2015-05-21T20:47:16.578Z", "parent": null, "language": "be", "level": 0, "creation_date": "2015-04-15T13:02:08.112Z", "lft": 1, "tree_id": 1345, "position": 9, "placeholder": 14, "plugin_type": "PicturePlugin"}}, {"pk": 3248, "model": "cms.cmsplugin", "fields": {"rght": 2, "changed_date": "2015-05-21T20:47:16.588Z", "parent": null, "language": "en", "level": 0, "creation_date": "2015-05-21T20:44:21.500Z", "lft": 1, "tree_id": 1346, "position": 8, "placeholder": 14, "plugin_type": "PicturePlugin"}}, {"pk": 3249, "model": "cms.cmsplugin", "fields": {"rght": 2, "changed_date": "2015-05-21T20:47:16.598Z", "parent": null, "language": "en", "level": 0, "creation_date": "2015-05-21T20:46:11.642Z", "lft": 1, "tree_id": 1347, "position": 9, "placeholder": 14, "plugin_type": "PicturePlugin"}}, {"pk": 3250, "model": "cms.cmsplugin", "fields": {"rght": 2, "changed_date": "2015-05-21T20:47:16.723Z", "parent": null, "language": "en", "level": 0, "creation_date": "2013-10-12T13:14:38.060Z", "lft": 1, "tree_id": 1348, "position": 0, "placeholder": 11, "plugin_type": "TextPlugin"}}, {"pk": 3251, "model": "cms.cmsplugin", "fields": {"rght": 2, "changed_date": "2015-05-21T20:47:16.733Z", "parent": null, "language": "ru", "level": 0, "creation_date": "2013-10-12T13:14:38.060Z", "lft": 1, "tree_id": 1349, "position": 0, "placeholder": 11, "plugin_type": "TextPlugin"}}, {"pk": 3252, "model": "cms.cmsplugin", "fields": {"rght": 2, "changed_date": "2015-05-21T20:47:16.742Z", "parent": null, "language": "be", "level": 0, "creation_date": "2013-10-12T13:14:38.060Z", "lft": 1, "tree_id": 1350, "position": 0, "placeholder": 11, "plugin_type": "TextPlugin"}}, {"pk": 3253, "model": "cms.cmsplugin", "fields": {"rght": 2, "changed_date": "2015-05-21T20:47:16.785Z", "parent": null, "language": "en", "level": 0, "creation_date": "2013-10-12T13:15:02.614Z", "lft": 1, "tree_id": 1351, "position": 0, "placeholder": 12, "plugin_type": "TextPlugin"}}, {"pk": 3254, "model": "cms.cmsplugin", "fields": {"rght": 2, "changed_date": "2015-05-21T20:47:16.795Z", "parent": null, "language": "ru", "level": 0, "creation_date": "2013-10-12T13:15:02.614Z", "lft": 1, "tree_id": 1352, "position": 0, "placeholder": 12, "plugin_type": "TextPlugin"}}, {"pk": 3255, "model": "cms.cmsplugin", "fields": {"rght": 2, "changed_date": "2015-05-21T20:47:16.805Z", "parent": null, "language": "be", "level": 0, "creation_date": "2013-10-12T13:15:02.614Z", "lft": 1, "tree_id": 1353, "position": 0, "placeholder": 12, "plugin_type": "TextPlugin"}}, {"pk": 3256, "model": "cms.cmsplugin", "fields": {"rght": 2, "changed_date": "2015-05-21T20:47:16.847Z", "parent": null, "language": "en", "level": 0, "creation_date": "2013-10-12T13:15:16.199Z", "lft": 1, "tree_id": 1354, "position": 0, "placeholder": 13, "plugin_type": "TextPlugin"}}, {"pk": 3257, "model": "cms.cmsplugin", "fields": {"rght": 2, "changed_date": "2015-05-21T20:47:16.857Z", "parent": null, "language": "ru", "level": 0, "creation_date": "2013-10-12T13:15:16.199Z", "lft": 1, "tree_id": 1355, "position": 0, "placeholder": 13, "plugin_type": "TextPlugin"}}, {"pk": 3258, "model": "cms.cmsplugin", "fields": {"rght": 2, "changed_date": "2015-05-21T20:47:16.866Z", "parent": null, "language": "be", "level": 0, "creation_date": "2013-10-12T13:15:16.199Z", "lft": 1, "tree_id": 1356, "position": 0, "placeholder": 13, "plugin_type": "TextPlugin"}}, {"pk": 3259, "model": "cms.cmsplugin", "fields": {"rght": 2, "changed_date": "2015-05-21T20:47:16.908Z", "parent": null, "language": "en", "level": 0, "creation_date": "2013-10-12T13:18:52.071Z", "lft": 1, "tree_id": 1357, "position": 0, "placeholder": 18, "plugin_type": "TextPlugin"}}, {"pk": 3260, "model": "cms.cmsplugin", "fields": {"rght": 2, "changed_date": "2015-05-21T20:47:16.918Z", "parent": null, "language": "ru", "level": 0, "creation_date": "2013-10-12T13:18:52.071Z", "lft": 1, "tree_id": 1358, "position": 0, "placeholder": 18, "plugin_type": "TextPlugin"}}, {"pk": 3261, "model": "cms.cmsplugin", "fields": {"rght": 2, "changed_date": "2015-05-21T20:47:16.927Z", "parent": null, "language": "be", "level": 0, "creation_date": "2013-10-12T13:18:52.071Z", "lft": 1, "tree_id": 1359, "position": 0, "placeholder": 18, "plugin_type": "TextPlugin"}}, {"pk": 3262, "model": "cms.cmsplugin", "fields": {"rght": 2, "changed_date": "2015-05-21T20:47:16.969Z", "parent": null, "language": "en", "level": 0, "creation_date": "2013-10-12T13:19:10.477Z", "lft": 1, "tree_id": 1360, "position": 0, "placeholder": 19, "plugin_type": "TextPlugin"}}, {"pk": 3263, "model": "cms.cmsplugin", "fields": {"rght": 2, "changed_date": "2015-05-21T20:47:16.979Z", "parent": null, "language": "ru", "level": 0, "creation_date": "2013-10-12T13:19:10.477Z", "lft": 1, "tree_id": 1361, "position": 0, "placeholder": 19, "plugin_type": "TextPlugin"}}, {"pk": 3264, "model": "cms.cmsplugin", "fields": {"rght": 2, "changed_date": "2015-05-21T20:47:16.989Z", "parent": null, "language": "be", "level": 0, "creation_date": "2013-10-12T13:19:10.477Z", "lft": 1, "tree_id": 1362, "position": 0, "placeholder": 19, "plugin_type": "TextPlugin"}}, {"pk": 3265, "model": "cms.cmsplugin", "fields": {"rght": 2, "changed_date": "2015-05-21T20:47:17.037Z", "parent": null, "language": "en", "level": 0, "creation_date": "2013-10-12T13:19:26.253Z", "lft": 1, "tree_id": 1363, "position": 0, "placeholder": 20, "plugin_type": "TextPlugin"}}, {"pk": 3266, "model": "cms.cmsplugin", "fields": {"rght": 2, "changed_date": "2015-05-21T20:47:17.009Z", "parent": null, "language": "en", "level": 0, "creation_date": "2015-05-21T20:47:17.008Z", "lft": 1, "tree_id": 1364, "position": 1, "placeholder": 20, "plugin_type": "TextPlugin"}}, {"pk": 3267, "model": "cms.cmsplugin", "fields": {"rght": 2, "changed_date": "2015-05-21T20:47:17.052Z", "parent": null, "language": "ru", "level": 0, "creation_date": "2013-10-12T13:19:26.253Z", "lft": 1, "tree_id": 1365, "position": 0, "placeholder": 20, "plugin_type": "TextPlugin"}}, {"pk": 3268, "model": "cms.cmsplugin", "fields": {"rght": 2, "changed_date": "2015-05-21T20:47:17.062Z", "parent": null, "language": "be", "level": 0, "creation_date": "2013-10-12T13:19:26.253Z", "lft": 1, "tree_id": 1366, "position": 0, "placeholder": 20, "plugin_type": "TextPlugin"}}, {"pk": 3269, "model": "cms.cmsplugin", "fields": {"rght": 2, "changed_date": "2015-05-21T20:47:17.031Z", "parent": null, "language": "en", "level": 0, "creation_date": "2015-05-21T20:47:17.030Z", "lft": 1, "tree_id": 1367, "position": 2, "placeholder": 20, "plugin_type": "LinkPlugin"}}, {"pk": 1, "model": "cms.page", "fields": {"rght": 2, "navigation_extenders": "", "site": 1, "creation_date": "2013-09-08T14:59:20.085Z", "lft": 1, "in_navigation": true, "reverse_id": null, "login_required": false, "created_by": "admin", "publication_end_date": null, "template": "cms/template_home.html", "tree_id": 1, "placeholders": [1, 5, 6, 7, 8, 9, 15, 16, 17, 21], "changed_date": "2015-07-06T17:20:35.384Z", "limit_visibility_in_menu": null, "parent": null, "publisher_state": 1, "soft_root": false, "publication_date": "2013-09-08T15:00:34.211Z", "publisher_public": 2, "level": 0, "changed_by": "rozhanna", "publisher_is_draft": true, "published": true}}, {"pk": 2, "model": "cms.page", "fields": {"rght": 2, "navigation_extenders": "", "site": 1, "creation_date": "2013-09-08T15:00:39.161Z", "lft": 1, "in_navigation": true, "reverse_id": null, "login_required": false, "created_by": "admin", "publication_end_date": null, "template": "cms/template_home.html", "tree_id": 2, "placeholders": [2, 10, 11, 12, 13, 14, 18, 19, 20, 22], "changed_date": "2015-05-21T20:47:16.020Z", "limit_visibility_in_menu": null, "parent": null, "publisher_state": 0, "soft_root": false, "publication_date": "2013-09-08T15:00:34.211Z", "publisher_public": 1, "level": 0, "changed_by": "rozhanna", "publisher_is_draft": false, "published": true}}, {"pk": 4, "model": "cms.page", "fields": {"rght": 2, "navigation_extenders": "", "site": 1, "creation_date": "2013-09-15T22:34:48.576Z", "lft": 1, "in_navigation": true, "reverse_id": null, "login_required": false, "created_by": "admin", "publication_end_date": null, "template": "cms/template_page.html", "tree_id": 3, "placeholders": [4], "changed_date": "2015-03-17T10:00:02.075Z", "limit_visibility_in_menu": null, "parent": null, "publisher_state": 0, "soft_root": false, "publication_date": "2013-09-15T22:27:36.882Z", "publisher_public": 3, "level": 0, "changed_by": "iskander", "publisher_is_draft": false, "published": true}}, {"pk": 6, "model": "cms.page", "fields": {"rght": 2, "navigation_extenders": "", "site": 1, "creation_date": "2013-10-17T06:13:56.914Z", "lft": 1, "in_navigation": false, "reverse_id": null, "login_required": false, "created_by": "admin", "publication_end_date": null, "template": "cms/template_page.html", "tree_id": 4, "placeholders": [24], "changed_date": "2015-04-15T12:58:54.506Z", "limit_visibility_in_menu": null, "parent": null, "publisher_state": 0, "soft_root": false, "publication_date": "2013-10-17T06:13:54.160Z", "publisher_public": 5, "level": 0, "changed_by": "rozhanna", "publisher_is_draft": false, "published": true}}, {"pk": 8, "model": "cms.page", "fields": {"rght": 2, "navigation_extenders": "", "site": 1, "creation_date": "2013-10-17T06:21:49.514Z", "lft": 1, "in_navigation": false, "reverse_id": null, "login_required": false, "created_by": "admin", "publication_end_date": null, "template": "cms/template_page.html", "tree_id": 5, "placeholders": [26], "changed_date": "2013-10-17T06:21:49.514Z", "limit_visibility_in_menu": null, "parent": null, "publisher_state": 0, "soft_root": false, "publication_date": "2013-10-17T06:21:44.443Z", "publisher_public": 7, "level": 0, "changed_by": "admin", "publisher_is_draft": false, "published": true}}, {"pk": 10, "model": "cms.page", "fields": {"rght": 2, "navigation_extenders": "", "site": 1, "creation_date": "2013-10-19T20:18:30.613Z", "lft": 1, "in_navigation": false, "reverse_id": null, "login_required": false, "created_by": "damarah", "publication_end_date": null, "template": "cms/template_page.html", "tree_id": 6, "placeholders": [50], "changed_date": "2013-10-19T20:18:30.614Z", "limit_visibility_in_menu": null, "parent": null, "publisher_state": 0, "soft_root": false, "publication_date": "2013-10-19T20:18:25.609Z", "publisher_public": 9, "level": 0, "changed_by": "damarah", "publisher_is_draft": false, "published": true}}, {"pk": 15, "model": "cms.page", "fields": {"rght": 2, "navigation_extenders": "", "site": 1, "creation_date": "2014-02-27T17:18:08.808Z", "lft": 1, "in_navigation": true, "reverse_id": null, "login_required": false, "created_by": "andrej.ka", "publication_end_date": null, "template": "cms/template_page.html", "tree_id": 7, "placeholders": [63, 64, 65, 66, 67, 68, 69, 70, 71], "changed_date": "2014-04-11T18:44:16.623Z", "limit_visibility_in_menu": null, "parent": null, "publisher_state": 0, "soft_root": false, "publication_date": "2014-02-07T20:51:04.016Z", "publisher_public": 13, "level": 0, "changed_by": "andrej.ka", "publisher_is_draft": false, "published": true}}, {"pk": 28, "model": "cms.page", "fields": {"rght": 2, "navigation_extenders": "", "site": 1, "creation_date": "2014-11-23T00:05:54.745Z", "lft": 1, "in_navigation": false, "reverse_id": null, "login_required": false, "created_by": "ascherbo", "publication_end_date": null, "template": "cms/template_page.html", "tree_id": 8, "placeholders": [84], "changed_date": "2014-11-23T00:05:54.745Z", "limit_visibility_in_menu": null, "parent": null, "publisher_state": 0, "soft_root": false, "publication_date": "2014-11-23T00:05:49.738Z", "publisher_public": 27, "level": 0, "changed_by": "ascherbo", "publisher_is_draft": false, "published": true}}, {"pk": 30, "model": "cms.page", "fields": {"rght": 2, "navigation_extenders": "", "site": 1, "creation_date": "2014-11-30T14:41:10.248Z", "lft": 1, "in_navigation": false, "reverse_id": null, "login_required": false, "created_by": "damarah", "publication_end_date": null, "template": "cms/template_contacts.html", "tree_id": 9, "placeholders": [86], "changed_date": "2015-01-20T09:22:03.117Z", "limit_visibility_in_menu": null, "parent": null, "publisher_state": 0, "soft_root": false, "publication_date": "2014-11-30T14:41:05.345Z", "publisher_public": 29, "level": 0, "changed_by": "damarah", "publisher_is_draft": false, "published": true}}, {"pk": 32, "model": "cms.page", "fields": {"rght": 2, "navigation_extenders": "", "site": 1, "creation_date": "2015-04-06T21:45:21.178Z", "lft": 1, "in_navigation": false, "reverse_id": null, "login_required": false, "created_by": "damarah", "publication_end_date": null, "template": "cms/template_page.html", "tree_id": 10, "placeholders": [88], "changed_date": "2015-04-06T21:55:09.999Z", "limit_visibility_in_menu": null, "parent": null, "publisher_state": 0, "soft_root": false, "publication_date": "2015-04-06T21:45:16.174Z", "publisher_public": 31, "level": 0, "changed_by": "damarah", "publisher_is_draft": false, "published": true}}, {"pk": 3, "model": "cms.page", "fields": {"rght": 2, "navigation_extenders": "", "site": 1, "creation_date": "2013-09-15T22:27:33.900Z", "lft": 1, "in_navigation": true, "reverse_id": null, "login_required": false, "created_by": "admin", "publication_end_date": null, "template": "cms/template_page.html", "tree_id": 15, "placeholders": [3], "changed_date": "2015-03-17T10:00:02.392Z", "limit_visibility_in_menu": null, "parent": null, "publisher_state": 0, "soft_root": false, "publication_date": "2013-09-15T22:27:36.882Z", "publisher_public": 4, "level": 0, "changed_by": "iskander", "publisher_is_draft": true, "published": true}}, {"pk": 5, "model": "cms.page", "fields": {"rght": 2, "navigation_extenders": "", "site": 1, "creation_date": "2013-10-17T06:10:00.984Z", "lft": 1, "in_navigation": false, "reverse_id": null, "login_required": false, "created_by": "admin", "publication_end_date": null, "template": "cms/template_page.html", "tree_id": 16, "placeholders": [23], "changed_date": "2015-04-15T12:58:54.920Z", "limit_visibility_in_menu": null, "parent": null, "publisher_state": 0, "soft_root": false, "publication_date": "2013-10-17T06:13:54.160Z", "publisher_public": 6, "level": 0, "changed_by": "rozhanna", "publisher_is_draft": true, "published": true}}, {"pk": 7, "model": "cms.page", "fields": {"rght": 2, "navigation_extenders": "", "site": 1, "creation_date": "2013-10-17T06:19:45.096Z", "lft": 1, "in_navigation": false, "reverse_id": null, "login_required": false, "created_by": "admin", "publication_end_date": null, "template": "cms/template_page.html", "tree_id": 17, "placeholders": [25], "changed_date": "2013-12-18T07:44:22.949Z", "limit_visibility_in_menu": null, "parent": null, "publisher_state": 1, "soft_root": false, "publication_date": "2013-10-17T06:21:46.428Z", "publisher_public": 8, "level": 0, "changed_by": "rozhanna", "publisher_is_draft": true, "published": true}}, {"pk": 9, "model": "cms.page", "fields": {"rght": 2, "navigation_extenders": "", "site": 1, "creation_date": "2013-10-18T12:54:43.978Z", "lft": 1, "in_navigation": false, "reverse_id": null, "login_required": false, "created_by": "damarah", "publication_end_date": null, "template": "cms/template_page.html", "tree_id": 18, "placeholders": [49], "changed_date": "2013-10-20T18:35:25.096Z", "limit_visibility_in_menu": null, "parent": null, "publisher_state": 1, "soft_root": false, "publication_date": "2013-10-19T20:18:25.690Z", "publisher_public": 10, "level": 0, "changed_by": "damarah", "publisher_is_draft": true, "published": true}}, {"pk": 13, "model": "cms.page", "fields": {"rght": 2, "navigation_extenders": "", "site": 1, "creation_date": "2014-02-01T18:58:57.093Z", "lft": 1, "in_navigation": true, "reverse_id": null, "login_required": false, "created_by": "andrej.ka", "publication_end_date": null, "template": "cms/template_page.html", "tree_id": 19, "placeholders": [53, 55, 56, 57, 58, 59, 60, 61, 62], "changed_date": "2014-04-11T18:45:35.153Z", "limit_visibility_in_menu": null, "parent": null, "publisher_state": 1, "soft_root": false, "publication_date": "2014-02-07T20:51:04.016Z", "publisher_public": 15, "level": 0, "changed_by": "andrej.ka", "publisher_is_draft": true, "published": true}}, {"pk": 19, "model": "cms.page", "fields": {"rght": 2, "navigation_extenders": "", "site": 1, "creation_date": "2014-09-10T17:58:49.671Z", "lft": 1, "in_navigation": false, "reverse_id": null, "login_required": false, "created_by": "libeartina", "publication_end_date": null, "template": "cms/template_page.html", "tree_id": 21, "placeholders": [75], "changed_date": "2014-09-10T18:38:02.876Z", "limit_visibility_in_menu": null, "parent": null, "publisher_state": 1, "soft_root": false, "publication_date": null, "publisher_public": null, "level": 0, "changed_by": "libeartina", "publisher_is_draft": true, "published": false}}, {"pk": 26, "model": "cms.page", "fields": {"rght": 2, "navigation_extenders": "", "site": 1, "creation_date": "2014-09-10T18:25:43.323Z", "lft": 1, "in_navigation": false, "reverse_id": null, "login_required": false, "created_by": "rozhanna", "publication_end_date": null, "template": "cms/template_page.html", "tree_id": 25, "placeholders": [82], "changed_date": "2014-09-10T18:28:01.803Z", "limit_visibility_in_menu": null, "parent": null, "publisher_state": 1, "soft_root": false, "publication_date": null, "publisher_public": null, "level": 0, "changed_by": "rozhanna", "publisher_is_draft": true, "published": false}}, {"pk": 27, "model": "cms.page", "fields": {"rght": 2, "navigation_extenders": "", "site": 1, "creation_date": "2014-11-22T23:59:50.659Z", "lft": 1, "in_navigation": false, "reverse_id": null, "login_required": false, "created_by": "ascherbo", "publication_end_date": null, "template": "cms/template_page.html", "tree_id": 26, "placeholders": [83], "changed_date": "2014-11-23T00:09:21.028Z", "limit_visibility_in_menu": null, "parent": null, "publisher_state": 1, "soft_root": false, "publication_date": "2014-11-23T00:05:49.911Z", "publisher_public": 28, "level": 0, "changed_by": "ascherbo", "publisher_is_draft": true, "published": false}}, {"pk": 29, "model": "cms.page", "fields": {"rght": 2, "navigation_extenders": "", "site": 1, "creation_date": "2014-11-30T14:34:10.871Z", "lft": 1, "in_navigation": false, "reverse_id": null, "login_required": false, "created_by": "damarah", "publication_end_date": null, "template": "cms/template_doc.html", "tree_id": 27, "placeholders": [85, 89], "changed_date": "2015-07-16T18:24:15.585Z", "limit_visibility_in_menu": null, "parent": null, "publisher_state": 1, "soft_root": false, "publication_date": "2014-11-30T14:41:05.345Z", "publisher_public": 30, "level": 0, "changed_by": "damarah", "publisher_is_draft": true, "published": true}}, {"pk": 31, "model": "cms.page", "fields": {"rght": 2, "navigation_extenders": "", "site": 1, "creation_date": "2015-04-06T20:37:49.158Z", "lft": 1, "in_navigation": false, "reverse_id": null, "login_required": false, "created_by": "libeartina", "publication_end_date": null, "template": "cms/template_page.html", "tree_id": 28, "placeholders": [87], "changed_date": "2015-04-07T09:14:47.074Z", "limit_visibility_in_menu": null, "parent": null, "publisher_state": 1, "soft_root": false, "publication_date": "2015-04-06T21:45:16.174Z", "publisher_public": 32, "level": 0, "changed_by": "libeartina", "publisher_is_draft": true, "published": true}}, {"pk": 423, "model": "cms.pagemoderatorstate", "fields": {"action": "CHA", "message": "", "user": 9, "page": 1, "created": "2015-07-06T17:20:35.371Z"}}, {"pk": 422, "model": "cms.pagemoderatorstate", "fields": {"action": "CHA", "message": "", "user": 9, "page": 1, "created": "2015-07-06T17:18:57.795Z"}}, {"pk": 421, "model": "cms.pagemoderatorstate", "fields": {"action": "CHA", "message": "", "user": 9, "page": 1, "created": "2015-07-06T17:18:41.126Z"}}, {"pk": 6, "model": "cms.pagemoderatorstate", "fields": {"action": "ADD", "message": "", "user": null, "page": 7, "created": "2013-10-17T07:07:36.918Z"}}, {"pk": 163, "model": "cms.pagemoderatorstate", "fields": {"action": "CHA", "message": "", "user": 16, "page": 13, "created": "2014-04-11T18:45:35.143Z"}}, {"pk": 220, "model": "cms.pagemoderatorstate", "fields": {"action": "ADD", "message": "", "user": 6, "page": 19, "created": "2014-09-10T17:58:49.674Z"}}, {"pk": 233, "model": "cms.pagemoderatorstate", "fields": {"action": "CHA", "message": "", "user": 6, "page": 19, "created": "2014-09-10T18:38:02.867Z"}}, {"pk": 229, "model": "cms.pagemoderatorstate", "fields": {"action": "CHA", "message": "", "user": 6, "page": 19, "created": "2014-09-10T18:28:52.086Z"}}, {"pk": 225, "model": "cms.pagemoderatorstate", "fields": {"action": "CHA", "message": "", "user": 6, "page": 19, "created": "2014-09-10T18:24:56.930Z"}}, {"pk": 226, "model": "cms.pagemoderatorstate", "fields": {"action": "ADD", "message": "", "user": 9, "page": 26, "created": "2014-09-10T18:25:43.325Z"}}, {"pk": 228, "model": "cms.pagemoderatorstate", "fields": {"action": "CHA", "message": "", "user": 9, "page": 26, "created": "2014-09-10T18:28:01.796Z"}}, {"pk": 227, "model": "cms.pagemoderatorstate", "fields": {"action": "CHA", "message": "", "user": 9, "page": 26, "created": "2014-09-10T18:27:43.960Z"}}, {"pk": 287, "model": "cms.pagemoderatorstate", "fields": {"action": "CHA", "message": "", "user": 12, "page": 27, "created": "2014-11-23T00:07:47.814Z"}}, {"pk": 380, "model": "cms.pagemoderatorstate", "fields": {"action": "CHA", "message": "", "user": 6, "page": 31, "created": "2015-04-07T09:14:47.063Z"}}, {"pk": 379, "model": "cms.pagemoderatorstate", "fields": {"action": "CHA", "message": "", "user": 6, "page": 31, "created": "2015-04-07T08:05:33.005Z"}}, {"pk": 378, "model": "cms.pagemoderatorstate", "fields": {"action": "CHA", "message": "", "user": 6, "page": 31, "created": "2015-04-07T07:03:36.076Z"}}, {"pk": 377, "model": "cms.pagemoderatorstate", "fields": {"action": "CHA", "message": "", "user": 6, "page": 31, "created": "2015-04-07T07:00:27.321Z"}}, {"pk": 376, "model": "cms.pagemoderatorstate", "fields": {"action": "CHA", "message": "", "user": 6, "page": 31, "created": "2015-04-07T06:58:25.582Z"}}, {"pk": 373, "model": "cms.pagemoderatorstate", "fields": {"action": "CHA", "message": "", "user": 6, "page": 31, "created": "2015-04-06T21:58:53.283Z"}}, {"pk": 14, "model": "cms.title", "fields": {"menu_title": "", "redirect": "", "slug": "media", "meta_keywords": "", "page_title": "", "language": "ru", "title": "\u0424\u0435\u0441\u0442\u0438\u0432\u0430\u043b\u044c \u0432 \u0421\u041c\u0418", "has_url_overwrite": false, "application_urls": "", "creation_date": "2013-10-12T12:07:28.753Z", "path": "media", "meta_description": "", "page": 5}}, {"pk": 15, "model": "cms.title", "fields": {"menu_title": "", "redirect": "", "slug": "media", "meta_keywords": "", "page_title": "", "language": "be", "title": "\u0424\u0435\u0441\u0442\u044b\u0432\u0430\u043b\u044c \u045e \u0421\u041c\u0406", "has_url_overwrite": false, "application_urls": "", "creation_date": "2013-10-12T12:07:41.422Z", "path": "media", "meta_description": "", "page": 5}}, {"pk": 19, "model": "cms.title", "fields": {"menu_title": "", "redirect": "", "slug": "press-kit", "meta_keywords": "", "page_title": "", "language": "en", "title": "Press kit", "has_url_overwrite": false, "application_urls": "", "creation_date": "2013-10-17T06:19:45.295Z", "path": "press-kit", "meta_description": "", "page": 7}}, {"pk": 21, "model": "cms.title", "fields": {"menu_title": "", "redirect": null, "slug": "press-kit", "meta_keywords": "", "page_title": "", "language": "be", "title": "Press kit", "has_url_overwrite": false, "application_urls": null, "creation_date": "2013-10-17T06:21:41.848Z", "path": "press-kit", "meta_description": "", "page": 7}}, {"pk": 22, "model": "cms.title", "fields": {"menu_title": "", "redirect": "", "slug": "press-kit", "meta_keywords": "", "page_title": "", "language": "en", "title": "Press kit", "has_url_overwrite": false, "application_urls": "", "creation_date": "2013-10-17T06:19:45.295Z", "path": "press-kit", "meta_description": "", "page": 8}}, {"pk": 23, "model": "cms.title", "fields": {"menu_title": "", "redirect": null, "slug": "press-kit", "meta_keywords": "", "page_title": "", "language": "ru", "title": "Press kit", "has_url_overwrite": false, "application_urls": null, "creation_date": "2013-10-17T06:21:20.428Z", "path": "press-kit", "meta_description": "", "page": 8}}, {"pk": 24, "model": "cms.title", "fields": {"menu_title": "", "redirect": null, "slug": "press-kit", "meta_keywords": "", "page_title": "", "language": "be", "title": "Press kit", "has_url_overwrite": false, "application_urls": null, "creation_date": "2013-10-17T06:21:41.848Z", "path": "press-kit", "meta_description": "", "page": 8}}, {"pk": 25, "model": "cms.title", "fields": {"menu_title": null, "redirect": null, "slug": "prescreening5_results_cms", "meta_keywords": null, "page_title": null, "language": "be", "title": "prescreening5_results", "has_url_overwrite": false, "application_urls": null, "creation_date": "2013-10-18T12:54:44.004Z", "path": "prescreening5_results_cms", "meta_description": null, "page": 9}}, {"pk": 26, "model": "cms.title", "fields": {"menu_title": null, "redirect": null, "slug": "prescreening5_results_cms", "meta_keywords": null, "page_title": null, "language": "be", "title": "prescreening5_results", "has_url_overwrite": false, "application_urls": null, "creation_date": "2013-10-18T12:54:44.004Z", "path": "prescreening5_results_cms", "meta_description": null, "page": 10}}, {"pk": 27, "model": "cms.title", "fields": {"menu_title": "", "redirect": null, "slug": "prescreening5_results_cms", "meta_keywords": "", "page_title": "", "language": "ru", "title": "prescreening5_results_cms", "has_url_overwrite": false, "application_urls": null, "creation_date": "2013-10-20T18:34:49.933Z", "path": "prescreening5_results_cms", "meta_description": "", "page": 9}}, {"pk": 28, "model": "cms.title", "fields": {"menu_title": "", "redirect": null, "slug": "prescreening5_results_cms", "meta_keywords": "", "page_title": "", "language": "en", "title": "prescreening5_results_cms", "has_url_overwrite": false, "application_urls": null, "creation_date": "2013-10-20T18:35:25.068Z", "path": "prescreening5_results_cms", "meta_description": "", "page": 9}}, {"pk": 20, "model": "cms.title", "fields": {"menu_title": "", "redirect": "", "slug": "press-kit", "meta_keywords": "", "page_title": "", "language": "ru", "title": "Press kit", "has_url_overwrite": false, "application_urls": "", "creation_date": "2013-10-17T06:21:20.428Z", "path": "press-kit", "meta_description": "", "page": 7}}, {"pk": 40, "model": "cms.title", "fields": {"menu_title": "", "redirect": "", "slug": "dobrye-uspaminy-2014", "meta_keywords": "", "page_title": "", "language": "ru", "title": "\u0434\u043e\u0431\u0440\u044b\u0435 \u0443\u0441\u043f\u0430\u043c\u0438\u043d\u044b 2014", "has_url_overwrite": false, "application_urls": "", "creation_date": "2014-09-10T17:58:49.697Z", "path": "dobrye-uspaminy-2014", "meta_description": "", "page": 19}}, {"pk": 58, "model": "cms.title", "fields": {"menu_title": "", "redirect": "", "slug": "rasklad-2015-minsk", "meta_keywords": "", "page_title": "", "language": "be", "title": "\u0420\u0430\u0441\u043a\u043b\u0430\u0434 2015 \u041c\u0456\u043d\u0441\u043a", "has_url_overwrite": false, "application_urls": "", "creation_date": "2015-04-06T20:51:01.254Z", "path": "rasklad-2015-minsk", "meta_description": "", "page": 31}}, {"pk": 57, "model": "cms.title", "fields": {"menu_title": "", "redirect": "", "slug": "raspisanie-2015", "meta_keywords": "", "page_title": "", "language": "ru", "title": "\u0420\u0430\u0441\u043f\u0438\u0441\u0430\u043d\u0438\u0435 2015 \u041c\u0438\u043d\u0441\u043a", "has_url_overwrite": false, "application_urls": "", "creation_date": "2015-04-06T20:37:49.184Z", "path": "raspisanie-2015", "meta_description": "", "page": 31}}, {"pk": 59, "model": "cms.title", "fields": {"menu_title": "", "redirect": "", "slug": "screenings-2015-minsk", "meta_keywords": "", "page_title": "", "language": "en", "title": "Screenings 2015 Minsk", "has_url_overwrite": false, "application_urls": "", "creation_date": "2015-04-06T21:17:25.315Z", "path": "screenings-2015-minsk", "meta_description": "", "page": 31}}, {"pk": 56, "model": "cms.title", "fields": {"menu_title": "", "redirect": "", "slug": "contacts", "meta_keywords": "", "page_title": "", "language": "ru", "title": "\u041a\u043e\u043d\u0442\u0430\u043a\u0442\u044b", "has_url_overwrite": false, "application_urls": "", "creation_date": "2015-01-26T18:54:55.026Z", "path": "contacts", "meta_description": "", "page": 29}}, {"pk": 60, "model": "cms.title", "fields": {"menu_title": "", "redirect": "", "slug": "rasklad-2015-minsk", "meta_keywords": "", "page_title": "", "language": "be", "title": "\u0420\u0430\u0441\u043a\u043b\u0430\u0434 2015 \u041c\u0456\u043d\u0441\u043a", "has_url_overwrite": false, "application_urls": "", "creation_date": "2015-04-06T20:51:01.254Z", "path": "rasklad-2015-minsk", "meta_description": "", "page": 32}}, {"pk": 61, "model": "cms.title", "fields": {"menu_title": "", "redirect": "", "slug": "raspisanie-2015", "meta_keywords": "", "page_title": "", "language": "ru", "title": "\u0420\u0430\u0441\u043f\u0438\u0441\u0430\u043d\u0438\u0435 2015 \u041c\u0438\u043d\u0441\u043a", "has_url_overwrite": false, "application_urls": "", "creation_date": "2015-04-06T20:37:49.184Z", "path": "raspisanie-2015", "meta_description": "", "page": 32}}, {"pk": 49, "model": "cms.title", "fields": {"menu_title": null, "redirect": null, "slug": "testufyfyyu", "meta_keywords": null, "page_title": null, "language": "be", "title": "testufyfyyu", "has_url_overwrite": false, "application_urls": null, "creation_date": "2014-09-10T18:25:43.346Z", "path": "testufyfyyu", "meta_description": null, "page": 26}}, {"pk": 62, "model": "cms.title", "fields": {"menu_title": "", "redirect": "", "slug": "screenings-2015-minsk", "meta_keywords": "", "page_title": "", "language": "en", "title": "Screenings 2015 Minsk", "has_url_overwrite": false, "application_urls": "", "creation_date": "2015-04-06T21:17:25.315Z", "path": "screenings-2015-minsk", "meta_description": "", "page": 32}}, {"pk": 1, "model": "cms.title", "fields": {"menu_title": "", "redirect": "", "slug": "2014", "meta_keywords": "", "page_title": "", "language": "en", "title": "2014", "has_url_overwrite": false, "application_urls": "", "creation_date": "2013-09-08T14:59:20.107Z", "path": "", "meta_description": "", "page": 1}}, {"pk": 9, "model": "cms.title", "fields": {"menu_title": "", "redirect": "", "slug": "2014", "meta_keywords": "", "page_title": "", "language": "ru", "title": "2014", "has_url_overwrite": false, "application_urls": "", "creation_date": "2013-09-15T22:35:58.160Z", "path": "", "meta_description": "", "page": 1}}, {"pk": 10, "model": "cms.title", "fields": {"menu_title": "", "redirect": "", "slug": "2014", "meta_keywords": "", "page_title": "", "language": "be", "title": "2014", "has_url_overwrite": false, "application_urls": "", "creation_date": "2013-09-15T22:36:11.182Z", "path": "", "meta_description": "", "page": 1}}, {"pk": 33, "model": "cms.title", "fields": {"menu_title": "", "redirect": "", "slug": "daluchajsya", "meta_keywords": "", "page_title": "", "language": "be", "title": "\u0414\u0430\u043b\u0443\u0447\u0430\u0439\u0441\u044f!", "has_url_overwrite": false, "application_urls": "", "creation_date": "2014-02-01T21:17:56.384Z", "path": "daluchajsya", "meta_description": "", "page": 13}}, {"pk": 32, "model": "cms.title", "fields": {"menu_title": "", "redirect": "", "slug": "vklyuchajsya", "meta_keywords": "", "page_title": "", "language": "ru", "title": "\u0412\u043a\u043b\u044e\u0447\u0430\u0439\u0441\u044f!", "has_url_overwrite": false, "application_urls": "", "creation_date": "2014-02-01T18:58:57.119Z", "path": "vklyuchajsya", "meta_description": "", "page": 13}}, {"pk": 35, "model": "cms.title", "fields": {"menu_title": "", "redirect": "", "slug": "daluchajsya", "meta_keywords": "", "page_title": "", "language": "be", "title": "\u0414\u0430\u043b\u0443\u0447\u0430\u0439\u0441\u044f!", "has_url_overwrite": false, "application_urls": "", "creation_date": "2014-02-01T21:17:56.384Z", "path": "daluchajsya", "meta_description": "", "page": 15}}, {"pk": 36, "model": "cms.title", "fields": {"menu_title": "", "redirect": "", "slug": "vklyuchajsya", "meta_keywords": "", "page_title": "", "language": "ru", "title": "\u0412\u043a\u043b\u044e\u0447\u0430\u0439\u0441\u044f!", "has_url_overwrite": false, "application_urls": "", "creation_date": "2014-02-01T18:58:57.119Z", "path": "vklyuchajsya", "meta_description": "", "page": 15}}, {"pk": 17, "model": "cms.title", "fields": {"menu_title": "", "redirect": "", "slug": "media", "meta_keywords": "", "page_title": "", "language": "ru", "title": "\u0424\u0435\u0441\u0442\u0438\u0432\u0430\u043b\u044c \u0432 \u0421\u041c\u0418", "has_url_overwrite": false, "application_urls": "", "creation_date": "2013-10-12T12:07:28.753Z", "path": "media", "meta_description": "", "page": 6}}, {"pk": 18, "model": "cms.title", "fields": {"menu_title": "", "redirect": "", "slug": "media", "meta_keywords": "", "page_title": "", "language": "be", "title": "\u0424\u0435\u0441\u0442\u044b\u0432\u0430\u043b\u044c \u045e \u0421\u041c\u0406", "has_url_overwrite": false, "application_urls": "", "creation_date": "2013-10-12T12:07:41.422Z", "path": "media", "meta_description": "", "page": 6}}, {"pk": 16, "model": "cms.title", "fields": {"menu_title": "", "redirect": "", "slug": "media", "meta_keywords": "", "page_title": "", "language": "en", "title": "Festival in media", "has_url_overwrite": false, "application_urls": "", "creation_date": "2013-10-12T12:07:01.055Z", "path": "media", "meta_description": "", "page": 6}}, {"pk": 51, "model": "cms.title", "fields": {"menu_title": "", "redirect": "", "slug": "itogi-5-go-predprosmotra", "meta_keywords": "", "page_title": "", "language": "ru", "title": "\u0418\u0442\u043e\u0433\u0438 5-\u0433\u043e \u043f\u0440\u0435\u0434\u043f\u0440\u043e\u0441\u043c\u043e\u0442\u0440\u0430", "has_url_overwrite": false, "application_urls": "", "creation_date": "2014-11-22T23:59:50.687Z", "path": "itogi-5-go-predprosmotra", "meta_description": "", "page": 28}}, {"pk": 50, "model": "cms.title", "fields": {"menu_title": "", "redirect": "", "slug": "itogi-5-go-predprosmotra", "meta_keywords": "", "page_title": "", "language": "ru", "title": "\u0418\u0442\u043e\u0433\u0438 5-\u0433\u043e \u043f\u0440\u0435\u0434\u043f\u0440\u043e\u0441\u043c\u043e\u0442\u0440\u0430", "has_url_overwrite": false, "application_urls": "", "creation_date": "2014-11-22T23:59:50.687Z", "path": "itogi-5-go-predprosmotra", "meta_description": "", "page": 27}}, {"pk": 13, "model": "cms.title", "fields": {"menu_title": "", "redirect": "", "slug": "media", "meta_keywords": "", "page_title": "", "language": "en", "title": "Festival in media", "has_url_overwrite": false, "application_urls": "", "creation_date": "2013-10-12T12:07:01.055Z", "path": "media", "meta_description": "", "page": 5}}, {"pk": 3, "model": "cms.title", "fields": {"menu_title": "", "redirect": "", "slug": "rules", "meta_keywords": "", "page_title": "", "language": "en", "title": "Rules", "has_url_overwrite": false, "application_urls": "", "creation_date": "2013-09-15T22:27:34.010Z", "path": "rules", "meta_description": "", "page": 3}}, {"pk": 2, "model": "cms.title", "fields": {"menu_title": "", "redirect": "", "slug": "2014", "meta_keywords": "", "page_title": "", "language": "en", "title": "2014", "has_url_overwrite": false, "application_urls": "", "creation_date": "2013-09-08T14:59:20.107Z", "path": "", "meta_description": "", "page": 2}}, {"pk": 11, "model": "cms.title", "fields": {"menu_title": "", "redirect": "", "slug": "2014", "meta_keywords": "", "page_title": "", "language": "ru", "title": "2014", "has_url_overwrite": false, "application_urls": "", "creation_date": "2013-09-15T22:35:58.160Z", "path": "", "meta_description": "", "page": 2}}, {"pk": 4, "model": "cms.title", "fields": {"menu_title": "", "redirect": "", "slug": "rules", "meta_keywords": "", "page_title": "", "language": "ru", "title": "\u0420\u0435\u0433\u043b\u0430\u043c\u0435\u043d\u0442", "has_url_overwrite": false, "application_urls": "", "creation_date": "2013-09-15T22:34:16.842Z", "path": "rules", "meta_description": "", "page": 3}}, {"pk": 12, "model": "cms.title", "fields": {"menu_title": "", "redirect": "", "slug": "2014", "meta_keywords": "", "page_title": "", "language": "be", "title": "2014", "has_url_overwrite": false, "application_urls": "", "creation_date": "2013-09-15T22:36:11.182Z", "path": "", "meta_description": "", "page": 2}}, {"pk": 52, "model": "cms.title", "fields": {"menu_title": "", "redirect": "", "slug": "contact", "meta_keywords": "", "page_title": "", "language": "en", "title": "Contacts", "has_url_overwrite": false, "application_urls": "", "creation_date": "2014-11-30T14:34:10.896Z", "path": "contact", "meta_description": "", "page": 29}}, {"pk": 54, "model": "cms.title", "fields": {"menu_title": "", "redirect": null, "slug": "contacts", "meta_keywords": "", "page_title": "", "language": "be", "title": "\u041a\u0430\u043d\u0442\u0430\u043a\u0442\u044b", "has_url_overwrite": false, "application_urls": null, "creation_date": "2015-01-20T09:21:59.498Z", "path": "contacts", "meta_description": "", "page": 29}}, {"pk": 53, "model": "cms.title", "fields": {"menu_title": "", "redirect": "", "slug": "contact", "meta_keywords": "", "page_title": "", "language": "en", "title": "Contacts", "has_url_overwrite": false, "application_urls": "", "creation_date": "2014-11-30T14:34:10.896Z", "path": "contact", "meta_description": "", "page": 30}}, {"pk": 55, "model": "cms.title", "fields": {"menu_title": "", "redirect": null, "slug": "contacts", "meta_keywords": "", "page_title": "", "language": "be", "title": "\u041a\u0430\u043d\u0442\u0430\u043a\u0442\u044b", "has_url_overwrite": false, "application_urls": null, "creation_date": "2015-01-20T09:21:59.498Z", "path": "contacts", "meta_description": "", "page": 30}}, {"pk": 5, "model": "cms.title", "fields": {"menu_title": "", "redirect": "", "slug": "rules", "meta_keywords": "", "page_title": "", "language": "be", "title": "\u0440\u044d\u0433\u043b\u0430\u043c\u0435\u043d\u0442", "has_url_overwrite": false, "application_urls": "", "creation_date": "2013-09-15T22:34:41.354Z", "path": "rules", "meta_description": "", "page": 3}}, {"pk": 6, "model": "cms.title", "fields": {"menu_title": "", "redirect": "", "slug": "rules", "meta_keywords": "", "page_title": "", "language": "en", "title": "Rules", "has_url_overwrite": false, "application_urls": "", "creation_date": "2013-09-15T22:27:34.010Z", "path": "rules", "meta_description": "", "page": 4}}, {"pk": 7, "model": "cms.title", "fields": {"menu_title": "", "redirect": "", "slug": "rules", "meta_keywords": "", "page_title": "", "language": "ru", "title": "\u0420\u0435\u0433\u043b\u0430\u043c\u0435\u043d\u0442", "has_url_overwrite": false, "application_urls": "", "creation_date": "2013-09-15T22:34:16.842Z", "path": "rules", "meta_description": "", "page": 4}}, {"pk": 8, "model": "cms.title", "fields": {"menu_title": "", "redirect": "", "slug": "rules", "meta_keywords": "", "page_title": "", "language": "be", "title": "\u0440\u044d\u0433\u043b\u0430\u043c\u0435\u043d\u0442", "has_url_overwrite": false, "application_urls": "", "creation_date": "2013-09-15T22:34:41.354Z", "path": "rules", "meta_description": "", "page": 4}}]